date,ibudarhus,utlan_heimila,max_hlutfall,laegstu_vextir,greidd_husaleiga,utborgad,utlan_breyting,utlan_hrodun,d_hus,d_utb,d_leiga
1994-01-01,100,NA,0.65,0.051,NA,81265.15916666666,NA,NA,NA,NA,NA
1994-02-01,99.65172510109218,NA,0.65,0.051,NA,81522.39791666667,NA,NA,NA,NA,NA
1994-03-01,102.03446148290111,NA,0.65,0.051,NA,77835.30916666667,NA,NA,NA,NA,NA
1994-04-01,100.83281460884201,NA,0.65,0.051,NA,82236.95,NA,NA,NA,NA,NA
1994-05-01,99.80377391969355,NA,0.65,0.051,NA,79550.23416666666,NA,NA,NA,NA,NA
1994-06-01,101.94700175915013,NA,0.65,0.051,NA,81665.30833333333,NA,NA,NA,NA,NA
1994-07-01,101.04737525007481,NA,0.65,0.051,NA,78635.6075,NA,NA,NA,NA,NA
1994-08-01,99.27953900108348,NA,0.65,0.051,NA,80693.5175,NA,NA,NA,NA,NA
1994-09-01,98.98890675611173,NA,0.65,0.051,NA,81979.71125,NA,NA,NA,NA,NA
1994-10-01,98.56111662648853,NA,0.65,0.051,NA,81722.4725,NA,NA,NA,NA,NA
1994-11-01,98.46559304207591,NA,0.65,0.051,NA,81093.66666666666,NA,NA,NA,NA,NA
1994-12-01,99.39628647940145,NA,0.65,0.051,NA,83208.74083333334,NA,NA,NA,NA,NA
1995-01-01,96.5188137732548,NA,0.65,0.051,NA,82248.84,NA,NA,-0.03481186226745192,0.012104582620897864,NA
1995-02-01,96.04547414302495,NA,0.65,0.051,NA,82248.84,NA,NA,-0.03618854519988346,0.008910950878504575,NA
1995-03-01,97.39276070734184,NA,0.65,0.051,NA,85187.945,NA,NA,-0.0454915006959401,0.09446401526573656,NA
1995-04-01,98.33926725266011,NA,0.65,0.051,NA,85730.11,NA,NA,-0.02472952248585991,0.04247676987047799,NA
1995-05-01,95.44303927476703,NA,0.65,0.051,NA,83047.82,NA,NA,-0.04369308367472513,0.04396700864519776,NA
1995-06-01,97.19922320786324,NA,0.65,0.051,NA,82705.4,NA,NA,-0.04657104641982035,0.01273602816046826,NA
1995-07-01,95.87376421274529,NA,0.65,0.051,NA,84417.5,NA,NA,-0.051199855756032586,0.07352766366051156,NA
1995-08-01,95.84487142870935,NA,0.65,0.051,NA,83903.87,NA,NA,-0.034595925876898415,0.03978451552815243,NA
1995-09-01,97.16403210334904,NA,0.65,0.051,NA,85701.575,NA,NA,-0.01843514301313376,0.045399815311010894,NA
1995-10-01,96.47151025825025,NA,0.65,0.051,NA,83047.82,NA,NA,-0.021201123117924325,0.01621766277323533,NA
1995-11-01,96.63019466582196,NA,0.65,0.051,NA,87499.28,NA,NA,-0.01863999717616749,0.0789903033940178,NA
1995-12-01,93.83109376107451,NA,0.65,0.051,NA,88298.26000000001,NA,NA,-0.05598994605779617,0.06116567941895612,NA
1996-01-01,94.6020293145561,NA,0.65,0.051,NA,82250.20569999999,NA,NA,-0.01985917961239836,1.6604489497806796e-5,NA
1996-02-01,95.41230215135843,NA,0.65,0.051,NA,86071.06450000001,NA,NA,-0.006592418823646362,0.04647146999276841,NA
1996-03-01,95.21825511187008,NA,0.65,0.051,NA,86632.95550000001,NA,NA,-0.022327178936902614,0.016962617187208817,NA
1996-04-01,96.13158462098978,NA,0.65,0.051,NA,83935.8787,NA,NA,-0.022449655090455267,-0.020928834688302644,NA
1996-05-01,95.86334739006219,NA,0.65,0.051,NA,87784.83205,NA,NA,0.004403758707695271,0.05703957129759685,NA
1996-06-01,96.9505224291026,NA,0.65,0.051,NA,86689.1446,NA,NA,-0.002558670435346855,0.0481678898838529,NA
1996-07-01,97.76910507113618,NA,0.65,0.051,NA,86183.4427,NA,NA,0.019769129479313197,0.02091915420380852,NA
1996-08-01,98.97427046496782,NA,0.65,0.051,NA,82250.20569999999,NA,NA,0.03265066757991475,-0.01970903487526865,NA
1996-09-01,96.20286154453325,NA,0.65,0.051,NA,87981.4939,NA,NA,-0.00989224652383136,0.026602998836369185,NA
1996-10-01,96.86431425600703,NA,0.65,0.051,NA,87588.1702,NA,NA,0.004071709841644067,0.054671515760437606,NA
1996-11-01,96.04108606096834,NA,0.65,0.051,NA,87812.9266,NA,NA,-0.006096527145484365,0.0035845620672536604,NA
1996-12-01,98.1748865951498,NA,0.65,0.051,NA,94611.8077,NA,NA,0.046293746134261626,0.07150251545160691,NA
1997-01-01,96.20530957760973,NA,0.65,0.051,NA,83426.94959999999,NA,NA,0.016947630771456668,0.014306880937077215,NA
1997-02-01,97.3193961499893,NA,0.65,0.051,NA,86481.7182,NA,NA,0.019987925619963764,0.00477110051311147,NA
1997-03-01,97.28983621946004,NA,0.65,0.051,100,88583.6232,NA,NA,0.02175613389634279,0.022516462571797957,NA
1997-04-01,99.61710466712803,NA,0.65,0.051,100.4,94020.5508,NA,NA,0.03625780288424796,0.12014733456290116,NA
1997-05-01,98.93484171159263,NA,0.65,0.051,100.4,89872.7916,NA,NA,0.032040340809639245,0.023784969467285144,NA
1997-06-01,99.1193667220678,NA,0.65,0.051,100.4,92675.33159999999,NA,NA,0.0223706302825879,0.06905347869818512,NA
1997-07-01,98.77118916645804,NA,0.65,0.051,105.9,92563.23,NA,NA,0.01024949644975015,0.0740256724508872,NA
1997-08-01,98.55267658271502,NA,0.65,0.051,105.9,88919.92799999999,NA,NA,-0.004259631116978246,0.08109064583166137,NA
1997-09-01,98.1346063740911,NA,0.65,0.051,105.9,88415.4708,NA,NA,0.02007991029106382,0.004932592989308038,NA
1997-10-01,99.92531241512755,NA,0.65,0.051,106.3,96206.53199999999,NA,NA,0.03160088607069955,0.09839641335491667,NA
1997-11-01,99.99547324124542,NA,0.65,0.051,106.3,96767.04,NA,NA,0.04117391152539418,0.10196805580557866,NA
1997-12-01,100.04274420928094,334451.86699999997,0.65,0.051,106.3,100410.34199999999,NA,NA,0.01902581891266908,0.061287638836647895,NA
1998-01-01,100.67747013396844,336697.532,0.65,0.051,108,99716.6416,NA,NA,0.046485589787027104,0.1952569532759234,NA
1998-02-01,102.4841163387507,339651.691,0.65,0.051,108,99889.264,NA,NA,0.05306979279650981,0.15503329581164582,NA
1998-03-01,103.30996373017186,344584.219,0.65,0.051,108,100579.7536,NA,NA,0.061878277779520596,0.13542153692354275,0.08000000000000007
1998-04-01,104.2030431407421,346596.06799999997,0.65,0.051,113.3,101155.16159999999,NA,NA,0.046035653103330354,0.07588352481764016,0.12848605577689232
1998-05-01,104.62139338649759,349116.344,0.65,0.051,113.3,99083.6928,NA,NA,0.05747774572159292,0.10248820623037158,0.12848605577689232
1998-06-01,104.98626980776896,350788.341,0.65,0.051,113.3,98163.04000000001,NA,NA,0.059190280161414366,0.059214337896148495,0.12848605577689232
1998-07-01,105.01496919108003,352473.13300000003,0.65,0.051,114,99285.08559999999,NA,NA,0.063214587951344825,0.07261906914873206,0.0764872521246458
1998-08-01,105.37717887276645,357101.588,0.65,0.051,114,96551.8976,NA,NA,0.06924725463263948,0.0858296871315507,0.0764872521246458
1998-09-01,108.11476634104312,360957.929,0.65,0.051,114,102823.84479999999,NA,NA,0.10169868037079044,0.16296213625998135,0.0764872521246458
1998-10-01,107.14329194820887,368819.002,0.65,0.051,115.4,103917.12,NA,NA,0.07223374497039448,0.08014620046796828,0.08560677328316091
1998-11-01,106.37865282460432,372648.004,0.65,0.051,115.4,106621.53760000001,NA,NA,0.06383468547580229,0.10183733634923642,0.08560677328316091
1998-12-01,107.85598676651806,380856.451,0.65,0.051,115.4,109671.20000000001,0.13874816850700977,NA,0.07809904275408996,0.09223012107657214,0.08560677328316091
1999-01-01,110.79385624601301,423299.405,0.65,0.051,115.4,108699.01120000001,0.2572097053565572,0.11846153684954741,0.10048311800627285,0.0900789422494952,0.06851851851851865
1999-02-01,112.02517892515128,426875.878,0.65,0.051,115.4,109862.8832,0.25680480713402387,-4.04898222533312e-4,0.09309796412610494,0.0998467583062781,0.06851851851851865
1999-03-01,115.21908981204919,428352.031,0.65,0.051,115.4,110270.2384,0.24309822499445355,-0.013706582139570322,0.11527567769728342,0.09634627699068066,0.06851851851851865
1999-04-01,116.64755157950421,434516.445,0.65,0.051,115.4,110677.5936,0.25366813163039126,0.01056990663593771,0.11942557591100211,0.0941368868318826,0.018534863195057483
1999-05-01,119.29154872863107,440093.163,0.65,0.051,115.4,110619.4,0.26059169260778003,0.006923560977388776,0.14022137220002673,0.11642387232462936,0.018534863195057483
1999-06-01,121.6216503421532,449189.86,0.65,0.051,115.4,108931.7856,0.28051536353655493,0.019923670928774895,0.15845291546069595,0.10970264979568678,0.018534863195057483
1999-07-01,125.11709103193061,455247.752,0.65,0.051,115.4,108757.2048,0.2915814267182739,0.011066063181718988,0.19142148967614103,0.0954032435260348,0.012280701754386003
1999-08-01,126.21395553629893,461641.393,0.65,0.051,118.5,107360.5584,0.29274528177119175,0.0011638550529178282,0.19773519168406506,0.11194664287985989,0.03947368421052633
1999-09-01,127.28636784403736,470230.434,0.65,0.051,118.6,112888.9504,0.30272919977884727,0.009983918007655523,0.17732639260874206,0.09788688236252385,0.04035087719298236
1999-10-01,128.239323236137,476038.294,0.65,0.051,118.9,113703.6608,0.29070978289779115,-0.012019416881056122,0.1968954929826645,0.09417640519675685,0.030329289428076223
1999-11-01,129.97953000457312,484350.953,0.65,0.051,119.2,117311.66399999999,0.29975458824676804,0.009044805348976892,0.22185726697330543,0.1002623544982526,0.032928942807625594
1999-12-01,131.77227797008524,484542.828,0.65,0.051,119.1,122258.12,0.27224529538033204,-0.027509292866435997,0.22174282504447462,0.11476960222920862,0.03206239168110914
2000-01-01,132.89360545130737,491817.251,0.65,0.051,119.2,115504.74160000001,0.16186615239867863,-0.11037914298165341,0.19946728053424567,0.06261078481641236,0.032928942807625594
2000-02-01,139.15455832865482,498843.76300000004,0.65,0.051,120.2,115853.7304,0.16859206319453834,0.006725910795859713,0.24217215865042108,0.054530220084375136,0.041594454072790166
2000-03-01,139.23937596902567,508181.35699999996,0.65,0.051,120.2,116958.8616,0.18636383213506913,0.017771768940530785,0.2084748820369915,0.06065664949174532,0.041594454072790166
2000-04-01,140.11360828654864,516613.478,0.65,0.051,137,117947.66320000001,0.18893883981767368,0.0025750076826045465,0.2011705894319653,0.06568691424819728,0.1871750433275563
2000-05-01,140.8930189275105,521404.79000000004,0.65,0.051,139.2,122833.50640000001,0.18476003227525717,-0.004178807542416507,0.18108131237376468,0.11041559075532881,0.20623916811091836
2000-06-01,142.27935145053033,532571.978,0.65,0.051,139.5,120157.9256,0.18562778331639107,8.677510411339018e-4,0.1698521690033119,0.10305660499519065,0.20883882149046795
2000-07-01,143.70058505874917,542144.679,0.65,0.051,139.8,120681.4088,0.1908783220087158,0.005250538692324724,0.14852882107110332,0.10964058907111585,0.21143847487001732
2000-08-01,145.377114305042,541879.911,0.65,0.051,140,117482.34479999999,0.17381135924264912,-0.017066962766066673,0.15183074397214158,0.09427844406591679,0.18143459915611815
2000-09-01,146.1016557142743,557868.406,0.65,0.051,139.7,124316.7088,0.18637239460345079,0.012561035360801664,0.14781856210471123,0.10123008814864476,0.17790893760539617
2000-10-01,145.4323812232057,562773.092,0.65,0.051,139.8,126148.9,0.18220130416650893,-0.00417109043694186,0.13407009295744476,0.10945328507839913,0.17577796467619855
2000-11-01,149.09110693832721,572905.783,0.65,0.051,140.5,129057.14000000001,0.1828319516076189,6.306474411099661e-4,0.14703528265628973,0.10012197934554945,0.17869127516778516
2000-12-01,149.36046950260163,567175.699,0.65,0.051,140.7,126846.8776,0.17053780641243965,-0.01229414519517924,0.13347414041449013,0.03753335647562728,0.18136020151133492
2001-01-01,148.04923845627133,574093.296,0.65,0.051,140.4,130828.0608,0.16728987206672818,-0.0032479343457114673,0.11404335786884068,0.13266398407318714,0.1778523489932886
2001-02-01,152.971264273722,579810.823,0.65,0.051,142.2,129903.41440000001,0.16230945639787397,-0.00498041566885421,0.0992903582248088,0.12127088140788955,0.1830282861896837
2001-03-01,152.5295462443748,584205.165,0.65,0.051,143.3,129556.67200000002,0.14959975794625624,-0.012709698451617735,0.09544836137663815,0.1077114656184377,0.1921797004991681
2001-04-01,154.31724829745505,594854.0819999999,0.65,0.051,144.5,132157.24,0.15144901813808254,0.0018492601918262963,0.1013723091183143,0.12047357628362043,0.054744525547445244
2001-05-01,149.9039346820965,603648.294,0.65,0.051,145.2,133139.67680000002,0.15773446193311713,0.006285443795034595,0.06395572912822689,0.08390357567778439,0.0431034482758621
2001-06-01,152.95222223430287,614084.458,0.65,0.051,147.4,129267.72000000003,0.15305439145729882,-0.00468007047581831,0.07501349053789741,0.07581517702233054,0.05663082437275979
2001-07-01,152.32813474055882,620280.156,0.65,0.051,148.4,129267.72000000003,0.14412292516477865,-0.008931466292520174,0.06003837547552404,0.07114858274674063,0.06151645207439205
2001-08-01,149.75626568812189,627641.4180000001,0.65,0.051,149.5,129209.9296,0.15826662930119229,0.014143704136413637,0.030122701251939832,0.09982423163212184,0.06785714285714284
2001-09-01,150.44728579374885,639481.6259999999,0.65,0.051,149.7,132157.24,0.14629475181284946,-0.01197187748834283,0.029743879754334346,0.06306900557200068,0.07158196134574091
2001-10-01,151.88500793374172,648803.421,0.65,0.051,149.9,135046.76,0.15286858988631247,0.006573838073463012,0.04436856947719714,0.0705345825449133,0.07224606580829751
2001-11-01,152.8279175794621,653413.3049999999,0.65,0.051,150.5,141808.2368,0.1405248897618474,-0.012343700124465062,0.025063940552005226,0.09880194772641016,0.07117437722419928
2001-12-01,153.99193463052018,656263.571,0.65,0.051,150.8,137762.9088,0.15707279447457423,0.016547904712726824,0.031008640662031794,0.08605675919294353,0.07178393745557932
2002-01-01,155.00222688580945,678978.702,0.65,0.051,152.3,139105.12,0.18269749312662253,0.025624698652048306,0.04696402698208946,0.06326669637527793,0.08475783475783483
2002-02-01,156.24714582596616,682365.5549999999,0.65,0.051,152.3,139511.1312,0.17687619466875648,-0.005821298457866053,0.02141501260251344,0.07396046396760458,0.07102672292545731
2002-03-01,156.60172976501084,682897.365,0.65,0.051,152.3,139221.1232,0.16893414490780811,-0.007942049760948366,0.0266976701950703,0.07459632183203957,0.0628053035589673
2002-04-01,153.9861825591189,688795.257,0.65,0.051,158.6,141019.1728,0.15792305683463415,-0.011011088073173969,-0.0021453579686568913,0.06705597665326546,0.09757785467128022
2002-05-01,157.89135701060252,687694.907,0.65,0.051,158.8,140149.1488,0.13923109505217957,-0.01869196178245458,0.0532836069009468,0.052647506501983576,0.09366391184573009
2002-06-01,155.94987627272198,698486.298,0.65,0.051,158.8,136437.0464,0.13744337427930797,-0.0017877207728715927,0.019598630177645182,0.05546107257094013,0.07734056987788329
2002-07-01,158.01150353948626,705090.817,0.65,0.051,161.2,136437.0464,0.1367296054526692,-7.13768826638761e-4,0.03731003999101801,0.05546107257094013,0.08625336927223715
2002-08-01,158.9039500648564,704074.581,0.65,0.051,161.3,136205.03999999998,0.1217783925789293,-0.014951212873739905,0.0610838173261159,0.05413756064766084,0.07892976588628775
2002-09-01,160.57535184189115,711804.3490013999,0.65,0.051,162.8,140845.168,0.11309585773993769,-0.008682534838991618,0.06731969935321436,0.0657393268806159,0.08750835003340018
2002-10-01,163.72191965747564,722911.656154,0.65,0.051,163.2,142875.224,0.11422294142619815,0.001127083686260466,0.07793337792033861,0.05796854363629289,0.08872581721147421
2002-11-01,164.36733335424088,727537.7274388,0.65,0.051,163.5,151285.456,0.11344186271015722,-7.810787160409394e-4,0.07550594130669164,0.06683123218975107,0.08637873754152814
2002-12-01,165.56731067977603,731791.955209,0.65,0.051,169.2,141193.1776,0.11508849118946451,0.0016466284793072994,0.07516871631640432,0.024899799444420445,0.12201591511936316
2003-01-01,168.9735901790322,736781.5912369,0.65,0.051,169.3,147042.416,0.0851321095442843,-0.02995638164518022,0.09013653270617517,0.0570596970118713,0.11162179908076175
2003-02-01,170.17202581109905,739792.1735451,0.65,0.051,169.6,147448.36,0.08415814386337273,-9.739656809115704e-4,0.08912085985009255,0.056893157784100756,0.11359159553512788
2003-03-01,173.52485230526437,753751.6289823,0.65,0.051,174.4,147796.312,0.10375536297800769,0.019597219114634967,0.10806472294812819,0.061594021100384255,0.14510833880499008
2003-04-01,171.8342886844992,754513.3035591,0.65,0.051,175.1,148956.152,0.0954101322435501,-0.008345230734457587,0.11590719263741733,0.05628297941625715,0.10403530895334168
2003-05-01,175.93678328885642,764804.8958516,0.65,0.051,175.2,149768.03999999998,0.11212819531845097,0.01671806307490087,0.11429014621137323,0.06863324738223442,0.10327455919395456
2003-06-01,179.08457315890521,775825.1845275,0.65,0.051,175.8,147564.34399999998,0.11072355570745929,-0.001404639610991687,0.14834700378810006,0.0815562773718912,0.10705289672544072
2003-07-01,179.98511900888795,780827.516168,0.65,0.051,175.9,142751.008,0.10741410516483851,-0.003309450542620773,0.139063390811357,0.04627747204002808,0.09119106699751867
2003-08-01,182.611688874904,784296.7930791,0.65,0.051,175.8,143736.872,0.11393993512045286,0.006525829955614348,0.1491954026339266,0.05529774815968658,0.08989460632362056
2003-09-01,180.8487049708918,726359.7478334,0.65,0.051,177.2,150637.91999999998,0.020448594971947065,-0.0934913401485058,0.12625445248261125,0.06952849103066128,0.0884520884520883
2003-10-01,183.9720196738558,758356.7976697,0.65,0.051,177.8,150579.928,0.049031083139914555,0.02858248816796749,0.12368594296197855,0.05392610268103604,0.08946078431372562
2003-11-01,185.20392368354382,764643.8720425,0.65,0.051,178.2,163048.20799999998,0.051002364831755465,0.0019712816918409093,0.12676843934917637,0.07775203453793988,0.0899082568807339
2003-12-01,180.55123910329797,765762.249657,0.65,0.051,180,152232.7,0.04642069949825833,-0.004581665333497131,0.09050052430036981,0.0781873642030706,0.06382978723404253
2004-01-01,183.0674429854584,759179.9156955,0.65,0.051,180.2,150899.31946666667,0.030400222705073254,-0.01602047679318508,0.08340861309446868,0.026229870071412975,0.06438275251033665
2004-02-01,185.90721708956644,768190.4627992,0.65,0.051,180.2,152116.54666666666,0.03838684737365461,0.007986624668581355,0.09246638043748967,0.0316598073160439,0.0625
2004-03-01,190.27789111390473,772988.9699203,0.65,0.051,186.8,153391.73706666665,0.025522121874514303,-0.012864725499140306,0.09654547222531829,0.037859030384104875,0.07110091743119273
2004-04-01,194.94143978419126,784609.1902576999,0.65,0.051,187.3,154666.92746666668,0.03988781451120227,0.014365692636687966,0.13447345856634318,0.03833863449068331,0.06967447173043984
2004-05-01,195.98628596076472,789394.2303703,0.65,0.051,187.8,163187.51786666666,0.032151120700293356,-0.007736693810908912,0.11395856112130143,0.08960174591766501,0.07191780821917826
2004-06-01,196.838351352913,801205.7469024,0.65,0.051,188.5,154087.29546666666,0.032714280073748325,5.631593734549689e-4,0.09913627891473675,0.04420411658975487,0.0722411831626848
2004-07-01,202.62930028191914,803095.1646597,0.65,0.048,189.3,152812.10506666667,0.028518012020095185,-0.0041962680536531405,0.12581140817487801,0.07048004219113224,0.07617964752700401
2004-08-01,200.0030225224893,816075.0329406001,0.65,0.045,188.8,154551.00106666668,0.04051813056220821,0.012000118542113025,0.09523669462089601,0.07523559484908415,0.07394766780432316
2004-09-01,206.69462995253758,820832.1429577,0.8,0.0435,194.9,157854.90346666667,0.13006281722809399,0.08954468666588578,0.14291462571327673,0.04790947370135412,0.09988713318284437
2004-10-01,209.3198813416652,830788.0716567,0.8,0.043,195.3,163303.44426666666,0.09551081260109862,-0.03455200462699537,0.1377810697123718,0.08449676152499319,0.09842519685039375
2004-11-01,217.29362714027155,859945.6387062,1,0.0415,195.9,170896.62346666667,0.12463549391840689,0.029124681317308276,0.1732668661575394,0.04813555182812368,0.09932659932659949
2004-12-01,222.69583644727018,864764.8249629,1,0.0415,195.7,162144.18026666666,0.12928630962187704,0.004650815703470146,0.23342181174320387,0.06510743267817398,0.08722222222222209
2005-01-01,234.12714530008142,887549.9943309,1,0.0415,196.1,164747.0232,0.16909045666440958,0.039804147042532545,0.278911976274661,0.09176783422401225,0.08823529411764719
2005-02-01,245.7198801918715,902426.615554,1,0.0415,196.4,169743.2552,0.17474332116238278,0.005652864497973198,0.3217339490025741,0.115876339028119,0.08990011098779149
2005-03-01,251.58839354086302,915735.7783550001,1,0.0415,197.9,169155.4632,0.18466862269641204,0.009925301534029263,0.322215587255255,0.10276776594871051,0.05942184154175578
2005-04-01,261.41929080773275,937422.0737653,1,0.0415,198.6,171124.5664,0.19476305580541275,0.010094433109000711,0.34101446617576747,0.10640696885169731,0.06033101975440469
2005-05-01,271.35561356960227,951259.8031496,1,0.0415,198.7,172799.77360000001,0.20505036210281125,0.01028730629739849,0.3845642935645306,0.058903130944041315,0.05804046858359935
2005-06-01,273.2,966028.1146154001,1,0.0415,200.2,166216.50319999998,0.20571790498287346,6.675428800622107e-4,0.38794090746156273,0.07871646845769442,0.06206896551724128
2005-07-01,282.43215395743914,974349.2745619,1,0.0415,200.7,163542.0496,0.2132426111353396,0.007524706152466143,0.39383669372834973,0.07021658741401549,0.060221870047543424
2005-08-01,280.706902341647,999088.5859482,1,0.0415,200.9,164629.46480000002,0.22426069371113933,0.011018082575799726,0.4035133009556542,0.0652112484796259,0.06408898305084731
2005-09-01,283.256549424315,1027663.4165014,1,0.0415,203.2,173270.0072,0.2519775514618934,0.027716857750754054,0.3704107817864353,0.09765362617695583,0.04258594150846573
2005-10-01,285.5977257417691,1050707.8597578001,1,0.0415,204.6,175268.5,0.2647122600864398,0.012734708624546398,0.364408024269794,0.0732688510463686,0.04761904761904745
2005-11-01,294.41884515103766,1062598.3606984,1,0.0435,205.2,194606.8568,0.235657596097695,-0.02905466398874479,0.3549354807399794,0.13874020944572973,0.04747320061255733
2005-12-01,291.74480599652935,1074034.0937184,1,0.0435,209.2,176855.5384,0.2419955839028003,0.006337987805105305,0.3100595442232641,0.09073010273411386,0.06898313745528872
2006-01-01,293.3030959924206,1085497.7632052,1,0.0445,209.5,182015.38573333333,0.2230271760899818,-0.0189684078128185,0.2527513442172338,0.10481744797518955,0.06833248342682308
2006-02-01,299.1004152144489,1114255.3614250002,1,0.0445,209.9,184255.96573333332,0.23473237847817519,0.011705202388193392,0.2172414172630026,0.08549801001656121,0.06873727087576365
2006-03-01,304.2389277973801,1150848.2820182,1,0.044,212,184674.20733333332,0.25674709803907514,0.022014719560899954,0.20927250862216562,0.09174249438804605,0.07124810510358759
2006-04-01,307.6978039115135,1193416.0902483999,1,0.046,213.5,185988.68093333335,0.2730829832658628,0.01633588522678764,0.1770279192510602,0.08686137149115569,0.07502517623363558
2006-05-01,307.1468061023053,1206340.77134,1,0.046,214.6,186705.66653333334,0.26815068538146214,-0.004932297884400638,0.1318977413508442,0.08047402287414407,0.08002013085052839
2006-06-01,308.9631053688274,1230830.0066421,1,0.046,217.8,178609.70413333335,0.2741140635768391,0.005963378195376956,0.13090448524460996,0.07456059232831569,0.08791208791208804
2006-07-01,303.5984258148665,1242967.675125,1,0.047,218.6,183060.98973333335,0.27569005035066096,0.0015759867738218691,0.07494285463197303,0.11935120160884516,0.08918784255107126
2006-08-01,311.005371410605,1247923.3993369,1,0.047,219.2,185570.43933333334,0.24906181182376308,-0.026628238526897885,0.1079363165501428,0.12720064758014882,0.09109009457441508
2006-09-01,313.05415525340504,1263452.789805,1,0.047,222.5,193337.78333333333,0.22944221767310413,-0.019619594150658948,0.10519652904637211,0.11581794482278607,0.09498031496063009
2006-10-01,306.14584225518644,1277461.5358761998,1,0.047,223.1,194174.26653333334,0.21581039297704407,-0.013631824696060058,0.07194775959804534,0.10786745212821103,0.09042033235581615
2006-11-01,308.4274648689788,1289822.1577712,1,0.047,223.4,209051.71773333335,0.21383789536759257,-0.0019724976094515068,0.04758058102821061,0.07422585807538384,0.08869395711500982
2006-12-01,306.3051995255477,1317149.3853783999,1,0.047,227.4,198535.92893333334,0.22635714553372654,0.012519250166133977,0.049907978581773316,0.12258813452761719,0.08699808795411101
2007-01-01,313.4001252667635,1327954.3459128002,1,0.047,230.4,206449.60319999998,0.22335981788823522,-0.002997327645491321,0.06851966293210299,0.13424259365889357,0.09976133651551322
2007-02-01,314.1882795685105,1321397.9541436,1,0.047,230.8,208275.3672,0.18590226252417485,-0.03745755536406037,0.05044414379446405,0.13035888076171753,0.09957122439256794
2007-03-01,321.8138532567938,1364064.3747861,1,0.0475,236.1,209614.2608,0.18526863714302166,-6.336253811531911e-4,0.05776685313300334,0.13504892657614254,0.11367924528301887
2007-04-01,324.04276138846797,1362077.6089507001,1,0.0475,238,213752.6592,0.14132666727092213,-0.04394196987209953,0.053120162929907844,0.14927778468743758,0.11475409836065564
2007-05-01,335.67968769132756,1379008.2195747,1,0.0465,238.7,211257.4484,0.1431332276392363,0.0018065603683141696,0.09289655963252463,0.13149992885879191,0.11230195712954338
2007-06-01,337.39791726192107,1401951.7589423,1,0.047,241.1,202554.64,0.1390295584091643,-0.0041036692300719935,0.09203303371497817,0.1340629053883411,0.10697887970615239
2007-07-01,342.1,1421067.1598097114,1,0.048,241.7,203406.66319999998,0.1432856929821611,0.004256134572996784,0.12681743682232294,0.11114150260142464,0.10567246111619388
2007-08-01,344.7029928323787,1446005.3354894824,1,0.0485,242,206023.59159999999,0.1587292427226188,0.015443549740457696,0.10835060908734073,0.11021772832001231,0.10401459854014594
2007-09-01,347.4574522690781,1470907.418509996,1,0.0485,244.6,214726.4,0.16419658128818138,0.005467338565562585,0.109895672804039,0.11062822950540707,0.09932584269662925
2007-10-01,357.3,1486063.9363754299,1,0.0485,247,216187.01119999998,0.16329446691023186,-9.021143779495144e-4,0.16709081321501107,0.11336592154907299,0.1071268489466608
2007-11-01,351.8878227701836,1511510.5600863332,1,0.053,247.6,230914.84079999998,0.1718751697506955,0.008580702840463639,0.14090949364599203,0.10458236508994023,0.10832587287376905
2007-12-01,352.1039993157847,1546126.66359369,1,0.055,250.3,220629.70359999998,0.17384305892494334,0.001967889174247839,0.1495201513430955,0.11128350815577326,0.10070360598065076
2008-01-01,357.42846868830776,1617052.2427154412,0.8,0.055,250.9,220110.92333333334,0.21770168356497432,0.043858624640030985,0.14048604283124555,0.06617266355362683,0.08897569444444442
2008-02-01,354.1126319800892,1617455.3298471367,0.8,0.055,251.4,226211.80333333334,0.22404861062117498,0.0063469270562006574,0.12707142502708457,0.08611885492973137,0.08925476603119575
2008-03-01,352.7,1686352.1696394752,0.8,0.055,261.9,231702.59533333333,0.23627022361310002,0.012221612991925035,0.09597519320760983,0.1053761058481062,0.10927573062261753
2008-04-01,346.7,1691348.2439708298,0.8,0.052,264.1,233288.8241333333,0.24174146381702055,0.0054712402039205354,0.06992052071908539,0.09139612581406098,0.10966386554621854
2008-05-01,348.5,1739547.342215388,0.8,0.052,268.4,232983.78013333332,0.26144813172461134,0.01970666790759079,0.03819210032291642,0.10284291464221496,0.12442396313364057
2008-06-01,348.3,1760874.0112913894,0.8,0.0505,280,223161.36333333334,0.2560161218527788,-0.005432009871832566,0.03231224077063777,0.1017341460720591,0.16134384072998764
2008-07-01,351,1774614.4227798032,0.8,0.0505,288.4,219531.33973333333,0.248789974864688,-0.007226146988090765,0.02601578485822853,0.07927309892242196,0.19321472900289605
2008-08-01,350.1,1791134.0602638242,0.8,0.049,291.3,224137.5041333333,0.23867735222257225,-0.010112622642115765,0.01565697797769272,0.08792154525925322,0.20371900826446288
2008-09-01,349.4,1883779.837918735,0.8,0.049,298.8,232922.77133333334,0.2806923224487996,0.042014970226227355,0.0055907499414273865,0.08474212455167751,0.22158626328699915
2008-10-01,348.7,1636310.104996507,0.8,0.049,306.2,232556.71853333333,0.10110343501608265,-0.17958888743271695,-0.02406940945983771,0.0757201241761436,0.2396761133603238
2008-11-01,347.7,1710057.8015881665,0.8,0.049,308.1,245124.53133333332,0.13135683384871144,0.030253398832628786,-0.011901016458073621,0.06153649754214219,0.24434571890145418
2008-12-01,343.2,1668320.3765562999,0.8,0.049,310.2,235729.17613333333,0.07903214907282763,-0.05232468477588381,-0.025287981201824183,0.068438076500835,0.23931282461046743
2009-01-01,337.6,1672534.1283970885,0.8,0.049,318.5,232887.1,0.034310509095537345,-0.044721639977290284,-0.0554753480076009,0.05804426456073042,0.26943005181347157
2009-02-01,335.5,1763834.1414026069,0.8,0.049,321.4,227702.944,0.09049944616974614,0.0561889370742088,-0.05256133303128174,0.006591789838965134,0.2784407319013522
2009-03-01,322.6,1670714.1475493927,0.8,0.049,324,227345.416,-0.009273283701722757,-0.0997727298714689,-0.0853416501275871,-0.018805051911762072,0.23711340206185572
2009-04-01,314.2,1687597.1804636724,0.8,0.049,328.4,228715.94,-0.002217794898554337,0.007055488803168419,-0.09374098644361117,-0.019601813975965388,0.2434683831881861
2009-05-01,312,1688254.1130761197,0.8,0.047,326.8,232291.22,-0.029486538189839817,-0.02726874329128548,-0.10473457675753228,-0.002972568017125421,0.2175856929955291
2009-06-01,310.7,1714341.5300342222,0.8,0.046,323.5,222161.26,-0.026425786830166942,0.0030607513596728753,-0.10795291415446462,-0.004481525468364778,0.15535714285714275
2009-07-01,311.7,1717740.032801723,0.8,0.046,326.2,223353.02000000002,-0.03204887171433579,-0.00562308488416885,-0.11196581196581201,0.0174083585118594,0.13106796116504849
2009-08-01,314.1,1712214.1235718592,0.8,0.046,329.1,221803.73200000002,-0.04406143484331959,-0.0120125631289838,-0.10282776349614398,-0.010412233964847695,0.12976313079299695
2009-09-01,313.9,1718160.0312576545,0.8,0.046,325.2,229371.408,-0.08791887636087192,-0.04385744151755233,-0.10160274756725818,-0.015246956375300158,0.08835341365461846
2009-10-01,313.7,1728686.1375138713,0.8,0.0455,326.8,230026.87600000002,0.056453866681683396,0.14437274304255532,-0.10037281330656722,-0.010878389363628282,0.06727629000653179
2009-11-01,309,1740571.1918540676,0.8,0.0455,328.4,248558.74399999998,0.017843484727570358,-0.03861038195411304,-0.1113028472821398,0.014010073361432118,0.06588769879909107
2009-12-01,302.1,1725601.4203635762,0.8,0.0455,327.3,243434.176,0.034334558644853574,0.016491073917283217,-0.11975524475524468,0.032685813411185816,0.05512572533849136
2010-01-01,303.3,1804127.3988127024,0.8,0.0455,330.1,233193.2648,0.07867897472545415,0.04434441608060058,-0.1015995260663507,0.0013146490295081747,0.03642072213500791
2010-02-01,302.1,1789222.7112540216,0.8,0.045,331.2,231716.86,0.014393966674908443,-0.06428500805054571,-0.09955290611028311,0.017627861675780565,0.030491599253267054
2010-03-01,303.5,1781556.4323537545,0.8,0.045,330.3,237906.4032,0.06634425462126226,0.05195028794635381,-0.05920644761314331,0.046453486442849634,0.019444444444444375
2010-04-01,303,1786440.048835014,0.8,0.045,336.2,238190.3272,0.058570178663242434,-0.0077740759580198215,-0.03564608529598978,0.04142425403319061,0.023751522533495883
2010-05-01,308.9,1790307.6309102117,0.8,0.045,337.3,241427.06079999998,0.06044914509234833,0.0018789664291058994,-0.009935897435897512,0.03932925575060464,0.032129742962056396
2010-06-01,306.7,1784770.8146136797,0.8,0.045,335.5,236429.9984,0.041082411728106116,-0.019366733364242217,-0.012874155133569376,0.06422694217704739,0.03709428129829995
2010-07-01,302.8,1758270.3009392926,0.8,0.045,337.4,234385.7456,0.023595111811804514,-0.017487299916301602,-0.028553095925569427,0.04939590966802232,0.03433476394849788
2010-08-01,302.8,1762110.6747464822,0.8,0.045,336.8,235209.1252,0.029141536965326287,0.005546425153521772,-0.035975803884113366,0.060438086767629295,0.02339714372531132
2010-09-01,303.9,1754495.037277058,0.8,0.045,338,242846.68079999997,0.021147626157271837,-0.00799391080805445,-0.031857279388340265,0.058748703325743,0.03936039360393617
2010-10-01,306.5,1750969.5790832,0.8,0.045,339.5,243244.1744,0.012890391775441712,-0.008257234381830125,-0.02295186483901812,0.05745980048000976,0.03886168910648702
2010-11-01,306.3,1754734.0963899966,0.8,0.045,339.3,260052.47520000004,0.008136929188654829,-0.004753462586786883,-0.008737864077669855,0.04624150820459594,0.033191230207064715
2010-12-01,302.6,1752256.377194792,0.8,0.045,340.7,242619.5416,0.015446763381546047,0.007309834192891218,0.0016550810989739428,-0.0033464257705541067,0.040941032691720114
2011-01-01,304.9,1775334.321778779,0.8,0.045,341,243789.73919999998,-0.015959558650277206,-0.03140632203182325,0.005275304978568984,0.045440739504582606,0.03302029687973329
2011-02-01,308.1,1738396.1772579718,0.8,0.045,341.7,244753.612,-0.028407047192256285,-0.01244748854197908,0.019860973187686204,0.05626155990548121,0.03170289855072461
2011-03-01,309.2,1735436.9555904267,0.8,0.044,342,243052.66,-0.02588718264871115,0.002519864543545136,0.01878088962108726,0.02163143459267758,0.03542234332425065
2011-04-01,311.3,1722937.6833411697,0.8,0.044,350.1,246227.77039999998,-0.035546877453433656,-0.009659694804722507,0.02739273927392749,0.033743785041494334,0.04134443783462238
2011-05-01,319.6,1721732.914437676,0.8,0.044,352.7,267376.2736,-0.03830331463072156,-0.002756437177287907,0.034639041761087785,0.10748261903207523,0.04565668544322565
2011-06-01,321.2,1726394.6479222358,0.8,0.044,352.2,253485.1656,-0.032707934382084636,0.0055953802486369275,0.04727746984023473,0.07213622347171667,0.049776453055141445
2011-07-01,320.8,1736001.2084360127,0.8,0.044,355.8,245320.596,-0.012665340756414678,0.020042593625669958,0.059445178335534976,0.046653222754686086,0.054534676941315974
2011-08-01,321.8,1739476.841648175,0.8,0.044,357,248722.5,-0.012844728439979303,-1.7938768356462464e-4,0.06274768824306465,0.05745259580600659,0.05997624703087889
2011-09-01,326.1,1714213.8539871802,0.8,0.044,357.7,257170.56160000002,-0.02295884709505558,-0.010114118655076276,0.07305034550839107,0.058983226588946724,0.05828402366863905
2011-10-01,329.5,1727353.7860662201,0.8,0.044,358.8,254392.33999999997,-0.013487266311813961,0.009471580783241618,0.07504078303425765,0.04583117202086617,0.056848306332842435
2011-11-01,329.5,1719205.1759603,0.85,0.044,360.2,273272.9072,-0.020247466840012995,-0.006760200528199034,0.07574273587985636,0.0508375549582154,0.06159740642499267
2011-12-01,332.5,1825496.7668152999,0.85,0.044,361.5,260288.97360000003,0.04179775892027804,0.062045225760291034,0.09881031064111023,0.07282773631289396,0.061050777810390366
2012-01-01,333,1827128.2975796,0.85,0.042,361.9,259989.45373333333,0.02917420970542972,-0.012623549214848317,0.0921613643817647,0.06644953387494068,0.06129032258064515
2012-02-01,332.2,1824662.0915573998,0.85,0.042,362.6,268149.87613333337,0.04962385181696494,0.020449642111535216,0.0782213567023693,0.09559108828732366,0.061164764413228045
2012-03-01,336.2,1831066.2305941,0.85,0.042,366.1,268943.2505333333,0.05510385997925149,0.005480008162286554,0.08732212160413977,0.10652255578413872,0.0704678362573099
2012-04-01,335.3,1846118.9820680001,0.85,0.042,370.1,271776.7305333333,0.07149492399977797,0.01639106402052648,0.07709604882749765,0.10376148917658123,0.057126535275635604
2012-05-01,336.4,1854608.8346718,0.85,0.042,372.4,276706.98573333333,0.07717568684427545,0.005680762844497478,0.05256570713391717,0.03489730785646383,0.055854834136660036
2012-06-01,341.3,1838980.5320595,0.85,0.042,372.4,260046.12333333335,0.06521445387516955,-0.011961232969105895,0.06257783312577847,0.02588300470287308,0.05735377626348659
2012-07-01,344.3,1851519.0193113098,0.85,0.042,374.4,258516.04413333334,0.06654247146484926,0.0013280175896797086,0.07325436408977559,0.053788586643305436,0.05227655986509272
2012-08-01,343.5,1837272.0087944,0.85,0.042,375.3,263361.29493333335,0.056221022783817576,-0.010321448681031686,0.06743318831572398,0.05885593355379326,0.05126050420168071
2012-09-01,345.8,1833467.6272398,0.85,0.042,377.7,270983.3561333334,0.0695676172347115,0.013346594450893923,0.06041091689665734,0.05371063642508833,0.05591277606933187
2012-10-01,348.8,1840879.0629489,0.85,0.042,379.4,272910.1225333333,0.06572207604396785,-0.003845541190743651,0.05857359635811843,0.07279221745958764,0.05741360089186176
2012-11-01,350.2,1840827.8836398004,0.85,0.042,380.9,291781.0993333333,0.07074356765565537,0.005021491611687523,0.06282245827010624,0.0677278707317579,0.05746807329261516
2012-12-01,351.7,1847537.2681089002,0.85,0.042,382.1,270246.65133333334,0.01207370053689627,-0.0586698671187591,0.057744360902255654,0.03825624111390824,0.05698478561549103
2013-01-01,350.7,1840994.0033025001,0.85,0.042,386.9,275978.8674333333,0.0075887969888419615,-0.004484903548054309,0.053153153153153054,0.061500239607411356,0.06907985631389879
2013-02-01,351.5,1833150.6694506,0.85,0.042,387,286267.88463333336,0.0046521369257772616,-0.0029366600630647,0.05809753160746545,0.06756672336104708,0.06729178157749582
2013-03-01,351.5,1844418.0169247,0.85,0.042,390.5,287118.2166333333,0.007291809606618127,0.0026396726808408655,0.04550862581796555,0.0675791865531401,0.0666484567058181
2013-04-01,353.8,1846776.7850831,0.85,0.042,397,288422.0590333334,3.5631669545099776e-4,-0.006935492911167129,0.05517447062332237,0.06124633432500026,0.07268305863280178
2013-05-01,358.4,1843148.7001776001,0.85,0.042,397.4,290916.36623333336,-0.006179273105979766,-0.006535589801430763,0.06539833531510109,0.05135172305947422,0.06713211600429636
2013-06-01,364.9,1842005.4118183,0.85,0.042,398.5,277481.12063333334,0.001644867743875622,0.007824140849855388,0.06914737767360091,0.06704578817216733,0.07008592910848566
2013-07-01,367.3,1848607.640906,0.85,0.042,399.5,273512.9046333333,-0.0015724269504898691,-0.003217294694365491,0.06680220737728715,0.05801133368830724,0.06704059829059839
2013-08-01,366.8,1838684.1642432003,0.85,0.042,400.6,277537.80943333334,7.686153395038975e-4,0.0023410422899937666,0.06783114992721972,0.05382914943362738,0.0674127364774848
2013-09-01,370.1,1845429.1127530998,0.85,0.042,404.2,287911.85983333335,0.006523968754936327,0.005755353415432429,0.07027183342972809,0.062470640047983306,0.07016150383902575
2013-10-01,376.2,1850495.7614333,0.85,0.042,413.1,287855.17103333335,0.005223970807183287,-0.00129999794775304,0.07855504587155959,0.05476179615937338,0.08882445967316821
2013-11-01,377.5,1842307.2240333,0.85,0.042,413.8,308716.6494333333,8.036277626208843e-4,-0.004420343044562403,0.0779554540262708,0.058041970979938906,0.08637437647676571
2013-12-01,375.7,1907938.1322714998,0.85,0.042,417,289555.83503333334,0.03269263641129405,0.03188900864867317,0.06823997725334086,0.07145022372981513,0.09133734624443846
2014-01-01,376.8,1913966.7638773,0.85,0.042,417.3,298230.9656,0.03963769596418909,0.006945059552895039,0.07442258340461949,0.08062971767953209,0.07857327474799702
2014-02-01,382.2,1898988.9313920997,0.85,0.042,420,299831.1544,0.03591535766191645,-0.003722338302272643,0.08733997155049789,0.04737964156908192,0.0852713178294573
2014-03-01,390.5,1905857.152357,0.85,0.042,420.6,300231.2016,0.03331085191563066,-0.00260450574628579,0.11095305832147928,0.045671030979593796,0.07708066581306028
2014-04-01,393.4,1908930.3300893,0.85,0.042,423.7,302517.1856,0.03365514744837084,3.4429553274017977e-4,0.11192764273600897,0.04886979384970558,0.06725440806045335
2014-05-01,392.9,1911822.2179929,0.85,0.042,424.2,313089.8616,0.037258804896578734,0.0036036574482078976,0.09626116071428581,0.07621948415539492,0.0674383492702566
2014-06-01,389.7,1912557.6271354998,0.85,0.042,425.8,292516.0056,0.038301850181621244,0.0010430452850425098,0.06796382570567272,0.05418345194927299,0.0685069008782937
2014-07-01,390.8,1918465.5886669,0.85,0.042,427.3,289029.88,0.037789494219910624,-5.123559617106199e-4,0.06398039749523554,0.05673215085580141,0.0695869837296621
2014-08-01,400.8,1913225.6327082,0.85,0.042,428.1,292458.856,0.040540659409921576,0.0027511651900109513,0.09269356597600864,0.05376221206448206,0.06864702945581636
2014-09-01,401.2,1916435.9934249,0.85,0.042,429.3,303145.8312,0.038477165110866185,-0.0020634942990553906,0.08403134288030256,0.052911927197043296,0.0620979713013361
2014-10-01,401.1,1915821.3618961,0.85,0.042,431.1,302231.4376,0.035301675272253474,-0.0031754898386127106,0.06618819776714524,0.049942707351961824,0.04357298474945526
2014-11-01,403.7,1914299.9802371,0.85,0.042,430.9,328463.104,0.039077497642433734,0.0037758223701802596,0.06940397350993366,0.06396303731241071,0.04132431126147895
2014-12-01,411.9,1895713.106262,0.85,0.042,434.7,308060.69680000003,-0.0064074541006973185,-0.04548495174313105,0.09635347351610335,0.06390774948305378,0.04244604316546763
2015-01-01,416.1,1867971.423912,0.85,0.042,434.3,305232.22400000005,-0.024031420416163907,-0.017623966315466588,0.10429936305732479,0.023475960606285318,0.04073807812125563
2015-02-01,423.5,1841045.048956,0.85,0.042,435.4,306032.31840000005,-0.030513017468523418,-0.006481597052359511,0.10805860805860812,0.02068218698757085,0.036666666666666625
2015-03-01,424.9,1844554.4828849998,0.85,0.042,437,307146.73559999996,-0.032165406203810365,-0.001652388735286947,0.08809218950064013,0.023034028319327104,0.03899191631003318
2015-04-01,423.9,1853265.534467,0.85,0.042,439.7,309861.3416,-0.029160202834482618,0.003005203369327747,0.07752923233350284,0.024276822440463475,0.03776256785461407
2015-05-01,428.5,1850859.4208999998,0.85,0.042,442,324091.592,-0.03188727305246042,-0.0027270702179778006,0.09060829727666087,0.03513921001394693,0.04196133899104204
2015-06-01,428.5,1851303.057981,0.85,0.042,440.9,320033.97040000005,-0.03202756784183425,-1.4029478937382933e-4,0.09956376700025671,0.09407336444225023,0.0354626585251292
2015-07-01,432.3,1841930.645647,0.85,0.042,442.7,310832.8848,-0.039893831545387504,-0.007866263703553256,0.10619242579324473,0.07543512387023799,0.036040252749824475
2015-08-01,433.3,1849461.624564,0.85,0.042,443.9,313033.14440000005,-0.03332801267874563,0.00656581886664187,0.08108782435129736,0.07034934308845142,0.03690726465779015
2015-09-01,438.5,1859766.755108,0.85,0.042,447,323177.19840000005,-0.029570117922709915,0.003757894756035718,0.0929710867397806,0.06607831986574264,0.04122990915443747
2015-10-01,441.2,1855927.1400330001,0.85,0.042,449.8,322720.0016,-0.031262947085954895,-0.00169282916324498,0.099975068561456,0.06779097556064428,0.04337740663419165
2015-11-01,442.5,1856558.134587,0.85,0.042,448.1,351751.99840000004,-0.030163425923949716,0.0010995211620051792,0.09611097349516973,0.07090261924821872,0.039916453933627416
2015-12-01,448.5,1843524.712611,0.85,0.042,452.3,329749.4024,-0.02752968973976555,0.0026337361841841656,0.08885651857246901,0.07040400098192601,0.04048769266160579
2016-01-01,451.4,1838273.8778750002,0.85,0.042,451.8,335807.08300000004,-0.01589828712411756,0.01163140261564799,0.08483537611151148,0.10016917152233562,0.040294727147133225
2016-02-01,453.2,1827273.517773,0.85,0.042,454.3,352124.119,-0.007480279307021553,0.008418007817096007,0.07012987012987004,0.15061089247363602,0.043408360128617485
2016-03-01,456.5,1833687.7371800002,0.85,0.042,456.4,349258.403,-0.005891257648298565,0.0015890216587229888,0.07437044010355387,0.13710602301449315,0.04439359267734555
2016-04-01,459.8,1835810.9458070002,0.85,0.042,459,348439.627,-0.009418288062546742,-0.003527030414248178,0.0846897853267281,0.12450176972963822,0.04389356379349563
2016-05-01,465.1,1847147.410015,0.85,0.042,460.2,359960.975,-0.002005560683368768,0.007412727379177975,0.08541423570595108,0.1106766848798717,0.04117647058823537
2016-06-01,475.3,1849902.355299,0.85,0.042,459.4,335748.59900000005,-7.566036667857601e-4,0.0012489570165830077,0.10921820303383889,0.04910300172309445,0.041959628033567675
2016-07-01,485.8,1845197.0142629999,0.85,0.042,461,332005.623,0.001773339633454274,0.002529943300240034,0.12375665047420781,0.06811614612019978,0.041337248701152074
2016-08-01,490.2,1853305.906936,0.85,0.042,462.8,336742.827,0.0020785953711834892,3.052557377292153e-4,0.1313177936764367,0.07574176416828005,0.04257715701734632
2016-09-01,491.8,1850702.1337449998,0.85,0.042,466.7,348439.627,-0.004874063555606378,-0.0069526589267898675,0.12155074116305586,0.07816896960884079,0.04407158836689029
2016-10-01,501.4,1869392.685698,0.85,0.042,466.9,348439.627,0.007255427960798366,0.012129491516404745,0.13644605621033534,0.07969640949580348,0.038016896398399114
2016-11-01,508.2,1873519.1037680001,0.85,0.042,471.3,378675.855,0.009135705941561323,0.0018802779807629566,0.14847457627118632,0.07654215675381337,0.051774157554117295
2016-12-01,515.7,1875082.835295,0.85,0.042,473.1,350135.663,0.017118361618979394,0.007982655677418071,0.14983277591973265,0.06182349521067687,0.045987176652664274
2017-01-01,524.8,1884107.2075999998,0.85,0.042,475.3,352095,0.024932808041629784,0.00781444642265039,0.1626052281789987,0.04850379228004531,0.052014165559982395
2017-02-01,537.7,1883361.133295,0.85,0.042,475.7,352095,0.030694701683389614,0.00576189364175983,0.18645189761694625,-8.269527257231957e-5,0.04710543693594538
2017-03-01,552.1,1894728.970666,0.85,0.042,474.2,352753.21359999996,0.033288783170832614,0.0025940814874430007,0.20941949616648414,0.010006375136520251,0.03900087642418937
2017-04-01,564.2,1896612.773301,0.85,0.042,476.4,358318.1104,0.03311987415309381,-1.689090177388053e-4,0.22705524140930855,0.02835063131324045,0.03790849673202601
2017-05-01,574.6,1909276.763413,0.85,0.042,476.6,382612.176,0.03363529789833897,5.154237452451582e-4,0.2354332401634056,0.06292682422032003,0.03563667970447648
2017-06-01,576,1917447.786231,0.85,0.042,478.5,358437.7856,0.036512970935205225,0.0028776730368662573,0.21186618977487903,0.06757790402574382,0.041575968654767204
2017-07-01,578,1930553.203257,0.85,0.042,480.2,353052.4016,0.04625857744956985,0.009745606514364624,0.18979003705228492,0.06339283777732874,0.041648590021691856
2017-08-01,583.6,1938948.11351,0.85,0.042,480.4,359754.2128,0.04621050753331324,-4.806991625661006e-5,0.19053447572419424,0.0683351921851032,0.03802938634399311
2017-09-01,588.4,1940513.2761630001,0.85,0.042,482.2,371452.46359999996,0.0485281454970079,0.002317637963694663,0.19642130947539638,0.06604540590901276,0.0332119134347546
2017-10-01,589.4,1955003.708732,0.85,0.042,483.4,372619.2968,0.045796168824761674,-0.002731976672246228,0.17550857598723568,0.06939414442663283,0.0353394731205825
2017-11-01,585.1,1967333.1721339999,0.85,0.042,483.9,403555.336,0.050073718585159854,0.0042775497603981805,0.15131837859110586,0.06570126051474823,0.026734563971992253
2017-12-01,586.3,1966659.458998,0.85,0.042,488.8,376867.7664,0.04883870833823312,-0.0012350102469267377,0.13690129920496386,0.076347845206502285,0.03318537307123237
2018-01-01,592.1,1983579.92857,0.85,0.042,493.1,373786.8096,0.0527956798682967,0.00395697153006358,0.12823932926829285,0.06160783197716513,0.037450031559015384
2018-02-01,594.9,1984124.324385,0.85,0.042,494.4,373008.9208,0.05350178959768148,7.061097293847851e-4,0.10637902175934522,0.05939851687754727,0.039310489804498694
2018-03-01,594.6,1995953.0881309998,0.85,0.042,495.6,371273.63039999997,0.05342406171655223,-7.772788112925255e-5,0.07697880818692271,0.05250247506178929,0.04512863770560949
2018-04-01,598.8,2013308.218759,0.85,0.042,497.6,379052.5184,0.06152834521666484,0.008104283500112608,0.061325771003190255,0.057865922481153964,0.04450041981528141
2018-05-01,600.9,2027711.869389,0.85,0.042,499.4,398739.0888,0.06203139756663001,5.030523499651718e-4,0.045770971110337566,0.04214950232007264,0.047838858581619625
2018-06-01,606,2034366.935776,0.85,0.042,502.2,374385.1856,0.06097644503521016,-0.0010549525314198505,0.05208333333333326,0.044491403084931935,0.04952978056426338
2018-07-01,607.9,2058169.104971,0.85,0.042,503.8,370076.8784,0.06610328143182054,0.005126836396610379,0.051730103806228334,0.04822082139321715,0.049146189087880154
2018-08-01,607.5,2070315.193053,0.85,0.042,505.6,374684.3736,0.06775172508623317,0.0016484436544126346,0.040952707333790306,0.041501003376158474,0.05245628642797673
2018-09-01,611.3,2086169.576904,0.85,0.042,510.6,383001.8,0.07506070817974919,0.007308983093516019,0.03891910265125764,0.031092367211856597,0.05889672335130669
2018-10-01,613.8,2096238.8924820002,0.85,0.042,513.1,383061.63759999996,0.07224292369327734,-0.0028177844864718526,0.0413980318968441,0.02802415465242203,0.06143980140670258
2018-11-01,619.9,2107702.9442100003,0.85,0.042,516.6,415553.4544,0.07135027969041907,-8.926440028582672e-4,0.05947701247649961,0.029731036439572645,0.06757594544327361
2018-12-01,620.8,2116868.9823629996,0.85,0.042,518.8,389165.0728,0.07637800366390346,0.005027723973484388,0.058843595428961226,0.03263029501692083,0.06137479541734847
2019-01-01,623,2145905.472857,0.85,0.042,521.2,385553.8,0.08183463743960306,0.005456633775699604,0.05218713055227164,0.03148048592884334,0.05698641249239511
2019-02-01,616.7,2150830.267774,0.85,0.042,523.6,385553.8,0.08401990809757964,0.002185270657976579,0.036644814254496616,0.033631579569450176,0.05906148867313932
2019-03-01,620.2,2154814.983991,0.85,0.042,527,385553.8,0.07959199883237611,-0.0044279092652035335,0.043054154053145055,0.03846265511669911,0.06335754640839375
2019-04-01,622.3,2170688.2450470002,0.85,0.042,528.5,423251.488,0.07816986232987655,-0.0014221365024995603,0.039245156980628026,0.1166038146549353,0.06209807073954976
2019-05-01,624.1,2183321.0881239995,0.85,0.042,531.3,395965.5424,0.07674128710500083,-0.0014285752248757166,0.03860875353636217,-0.00695579259196033,0.0638766519823788
2019-06-01,625.1,2188140.7992000002,0.85,0.042,534.1,391537.56,0.07558806659691597,-0.0011532205080848623,0.03151815181518147,0.045814778628356034,0.06352050975706902
2019-07-01,625.7,2208611.94055,0.85,0.042,536.9,378373.288,0.07309546879099593,-0.002492597805920038,0.02928113176509295,0.022418070634050213,0.06570067487098052
2019-08-01,629.2,2204688.888456,0.85,0.042,539,NA,0.06490494580433692,-0.00819052298665901,0.03572016460905347,NA,0.06606012658227844
