arma_dags,midgildi,medaltal,neysluverdsvisitala,year,tax1,tax2,tax3,kr1,kr2,pers_afsl,lif_sjod,vr,skattleysismork,skattur,utborgad,utborgad_fast
1990-01-01,75000,84847.46176381453,139.3,1990,0.39790000000000003,0.39790000000000003,0.39790000000000003,0,0,21482,0,0.01,53988.43930635838,8360.500000000004,65889.5,473.0043072505384
1990-02-01,78200,86989.33839526118,141.5,1990,0.39790000000000003,0.39790000000000003,0.39790000000000003,0,0,21482,0,0.01,53988.43930635838,9633.780000000002,67784.22,479.04042402826855
1990-03-01,79500,89152.37602918186,142.7,1990,0.39790000000000003,0.39790000000000003,0.39790000000000003,0,0,21482,0,0.01,53988.43930635838,10151.050000000003,68553.95,480.406096706377
1990-04-01,80135,88920.15493094729,143.1,1990,0.39790000000000003,0.39790000000000003,0.39790000000000003,0,0,21482,0,0.01,53988.43930635838,10403.716500000002,68929.93349999998,481.6906603773584
1990-05-01,81200,93396.89371158392,144.4,1990,0.39790000000000003,0.39790000000000003,0.39790000000000003,0,0,21482,0,0.01,53988.43930635838,10827.480000000003,69560.51999999999,481.72105263157886
1990-06-01,80300,89966.2914222874,145.4,1990,0.39790000000000003,0.39790000000000003,0.39790000000000003,0,0,21482,0,0.01,53988.43930635838,10469.370000000003,69027.63,474.742984869326
1990-07-01,80400,90937.64367149759,146.4,1990,0.39790000000000003,0.39790000000000003,0.39790000000000003,0,0,21482,0,0.01,53988.43930635838,10509.160000000003,69086.84,471.9046448087431
1990-08-01,80900,91221.19591520666,146.8,1990,0.39790000000000003,0.39790000000000003,0.39790000000000003,0,0,21482,0,0.01,53988.43930635838,10708.110000000004,69382.89,472.6354904632152
1990-09-01,82200,91829.6145447054,146.8,1990,0.39790000000000003,0.39790000000000003,0.39790000000000003,0,0,21482,0,0.01,53988.43930635838,11225.380000000001,70152.62,477.8788828337874
1990-10-01,84200,93484.49441998567,147.2,1990,0.39790000000000003,0.39790000000000003,0.39790000000000003,0,0,21482,0,0.01,53988.43930635838,12021.18,71336.82,484.6251358695653
1990-11-01,86350,97420.57983193277,148.2,1990,0.39790000000000003,0.39790000000000003,0.39790000000000003,0,0,21482,0,0.01,53988.43930635838,12876.665,72609.83499999999,489.94490553306343
1990-12-01,90000,102113.45912002698,148.6,1990,0.39790000000000003,0.39790000000000003,0.39790000000000003,0,0,21482,0,0.01,53988.43930635838,14329,74771,503.1695827725438
1991-01-01,84250,95407.09710743802,149.5,1991,0.39790000000000003,0.39790000000000003,0.39790000000000003,0,0,23376.5,0,0.01,58749.685850716254,10146.575000000004,73260.92499999999,490.03963210702335
1991-02-01,86300,95621.02610261027,150,1991,0.39790000000000003,0.39790000000000003,0.39790000000000003,0,0,23376.5,0,0.01,58749.685850716254,10962.270000000004,74474.73,496.4982
1991-03-01,90000,100523.66874208527,150.3,1991,0.39790000000000003,0.39790000000000003,0.39790000000000003,0,0,23376.5,0,0.01,58749.685850716254,12434.5,76665.5,510.08316699933465
1991-04-01,92200,104304.87357135632,151,1991,0.39790000000000003,0.39790000000000003,0.39790000000000003,0,0,23376.5,0,0.01,58749.685850716254,13309.880000000005,77968.12,516.3451655629138
1991-05-01,92800,104269.92274678111,152.8,1991,0.39790000000000003,0.39790000000000003,0.39790000000000003,0,0,23376.5,0,0.01,58749.685850716254,13548.620000000003,78323.38,512.5875654450261
1991-06-01,92900,104399.26552950835,154.9,1991,0.39790000000000003,0.39790000000000003,0.39790000000000003,0,0,23376.5,0,0.01,58749.685850716254,13588.410000000003,78382.59,506.0205939315687
1991-07-01,91800,101872.6690647482,156,1991,0.39790000000000003,0.39790000000000003,0.39790000000000003,0,0,23376.5,0,0.01,58749.685850716254,13150.720000000001,77731.28,498.2774358974359
1991-08-01,90800,101471.35649827891,157.2,1991,0.39790000000000003,0.39790000000000003,0.39790000000000003,0,0,23376.5,0,0.01,58749.685850716254,12752.82,77139.18,490.7072519083969
1991-09-01,94300,107200.33300297325,158.1,1991,0.39790000000000003,0.39790000000000003,0.39790000000000003,0,0,23376.5,0,0.01,58749.685850716254,14145.470000000001,79211.53,501.0216951296648
1991-10-01,95000,105498.94993932039,159.3,1991,0.39790000000000003,0.39790000000000003,0.39790000000000003,0,0,23376.5,0,0.01,58749.685850716254,14424,79626,499.84934086629
1991-11-01,96700,107040.97803479445,160,1991,0.39790000000000003,0.39790000000000003,0.39790000000000003,0,0,23376.5,0,0.01,58749.685850716254,15100.43,80632.57,503.95356250000003
1991-12-01,98700,111298.0691960555,159.8,1991,0.39790000000000003,0.39790000000000003,0.39790000000000003,0,0,23376.5,0,0.01,58749.685850716254,15896.230000000003,81816.76999999999,511.9948060075093
1992-01-01,90000,102231.90675470688,160.2,1992,0.3985,0.3985,0.3985,0,0,23967.5,0,0.01,60144.29109159347,11897.5,77202.5,481.91323345817733
1992-02-01,95000,105564.71310240965,160.4,1992,0.3985,0.3985,0.3985,0,0,23967.5,0,0.01,60144.29109159347,13890,80160,499.7506234413965
1992-03-01,95000,106547.92807732399,160.6,1992,0.3985,0.3985,0.3985,0,0,23967.5,0,0.01,60144.29109159347,13890,80160,499.1282689912827
1992-04-01,96000,106277.60637707949,160.6,1992,0.3985,0.3985,0.3985,0,0,23967.5,0,0.01,60144.29109159347,14288.5,80751.5,502.81133250311336
1992-05-01,99000,111793.20395150427,160.5,1992,0.3985,0.3985,0.3985,0,0,23967.5,0,0.01,60144.29109159347,15484,82526,514.1806853582555
1992-06-01,95300,107291.79998355804,161.1,1992,0.3985,0.3985,0.3985,0,0,23967.5,0,0.01,60144.29109159347,14009.550000000003,80337.45,498.6806331471136
1992-07-01,95700,106622.75781925004,161.4,1992,0.3985,0.3985,0.3985,0,0,23967.5,0,0.01,60144.29109159347,14168.950000000004,80574.04999999999,499.21964064436173
1992-08-01,95500,105761.96248440564,161.4,1992,0.3985,0.3985,0.3985,0,0,23967.5,0,0.01,60144.29109159347,14089.25,80455.75,498.4866790582404
1992-09-01,98500,108894.86243042671,161.3,1992,0.3985,0.3985,0.3985,0,0,23967.5,0,0.01,60144.29109159347,15284.75,82230.25,509.79696218226906
1992-10-01,99100,109123.65261288211,161.4,1992,0.3985,0.3985,0.3985,0,0,23967.5,0,0.01,60144.29109159347,15523.849999999999,82585.15,511.6799876084262
1992-11-01,98000,109952.59265673709,161.4,1992,0.3985,0.3985,0.3985,0,0,23967.5,0,0.01,60144.29109159347,15085.5,81934.5,507.64869888475835
1992-12-01,102600,115859.35265056462,162.2,1992,0.3985,0.3985,0.3985,0,0,23967.5,0,0.01,60144.29109159347,16918.6,84655.4,521.9198520345253
1993-01-01,99700,109404.1477152984,164.1,1993,0.41340000000000005,0.41340000000000005,0.41340000000000005,0,0,23761,0,0.01,57477.01983551039,17454.980000000003,81248.01999999999,495.1128580134064
1993-02-01,97300,107732.82105651332,165.3,1993,0.41340000000000005,0.41340000000000005,0.41340000000000005,0,0,23761,0,0.01,57477.01983551039,16462.820000000007,79864.18,483.1468844525105
1993-03-01,100000,112407.89662776807,165.4,1993,0.41340000000000005,0.41340000000000005,0.41340000000000005,0,0,23761,0,0.01,57477.01983551039,17579.000000000007,81421,492.26723095525995
1993-04-01,100100,111321.48273645547,165.9,1993,0.41340000000000005,0.41340000000000005,0.41340000000000005,0,0,23761,0,0.01,57477.01983551039,17620.340000000004,81478.66,491.13116335141655
1993-05-01,100000,111833.28091481252,166.3,1993,0.41340000000000005,0.41340000000000005,0.41340000000000005,0,0,23761,0,0.01,57477.01983551039,17579.000000000007,81421,489.60312687913404
1993-06-01,97600,112344.26651277088,166.2,1993,0.41340000000000005,0.41340000000000005,0.41340000000000005,0,0,23761,0,0.01,57477.01983551039,16586.840000000004,80037.16,481.57135980746096
1993-07-01,98450,109415.4450973808,167.7,1993,0.41340000000000005,0.41340000000000005,0.41340000000000005,0,0,23761,0,0.01,57477.01983551039,16938.230000000003,80527.26999999999,480.1864639236732
1993-08-01,99500,111229.88361369653,169.2,1993,0.41340000000000005,0.41340000000000005,0.41340000000000005,0,0,23761,0,0.01,57477.01983551039,17372.300000000003,81132.7,479.50768321513004
1993-09-01,100000,110764.55990970654,169.8,1993,0.41340000000000005,0.41340000000000005,0.41340000000000005,0,0,23761,0,0.01,57477.01983551039,17579.000000000007,81421,479.51118963486454
1993-10-01,100300,112549.80064073227,170.8,1993,0.41340000000000005,0.41340000000000005,0.41340000000000005,0,0,23761,0,0.01,57477.01983551039,17703.020000000004,81593.98,477.7165105386416
1993-11-01,97200,109147.9427198235,170.8,1993,0.41340000000000005,0.41340000000000005,0.41340000000000005,0,0,23761,0,0.01,57477.01983551039,16421.480000000003,79806.51999999999,467.251288056206
1993-12-01,102000,115509.51204374169,169.9,1993,0.41340000000000005,0.41340000000000005,0.41340000000000005,0,0,23761,0,0.01,57477.01983551039,18405.800000000003,82574.2,486.01648028251907
1994-01-01,100300,110657.70401729418,169.3,1994,0.41835833333333333,0.41835833333333333,0.41835833333333333,0,0,23929.5,0,0.01,57198.573790410934,18031.840833333335,81265.15916666666,480.0068468202402
1994-02-01,100750,111482.40380454382,169.5,1994,0.41835833333333333,0.41835833333333333,0.41835833333333333,0,0,23929.5,0,0.01,57198.573790410934,18220.10208333333,81522.39791666667,480.9580998033432
1994-03-01,94300,106977.5828435266,169.7,1994,0.41835833333333333,0.41835833333333333,0.41835833333333333,0,0,23929.5,0,0.01,57198.573790410934,15521.690833333334,77835.30916666667,458.6641671577294
1994-04-01,102000,113836.48165898617,169.9,1994,0.41835833333333333,0.41835833333333333,0.41835833333333333,0,0,23929.5,0,0.01,57198.573790410934,18743.050000000003,82236.95,484.03148911124185
1994-05-01,97300,110150.14402618658,169.9,1994,0.41835833333333333,0.41835833333333333,0.41835833333333333,0,0,23929.5,0,0.01,57198.573790410934,16776.76583333333,79550.23416666666,468.21797626054536
1994-06-01,101000,113251.0265680858,170.1,1994,0.41835833333333333,0.41835833333333333,0.41835833333333333,0,0,23929.5,0,0.01,57198.573790410934,18324.691666666666,81665.30833333333,480.10175387027243
1994-07-01,95700,107306.1121235851,170.4,1994,0.41835833333333333,0.41835833333333333,0.41835833333333333,0,0,23929.5,0,0.01,57198.573790410934,16107.392500000002,78635.6075,461.4765698356807
1994-08-01,99300,110104.0281885775,170.5,1994,0.41835833333333333,0.41835833333333333,0.41835833333333333,0,0,23929.5,0,0.01,57198.573790410934,17613.4825,80693.5175,473.27576246334314
1994-09-01,101550,114147.50827670326,171,1994,0.41835833333333333,0.41835833333333333,0.41835833333333333,0,0,23929.5,0,0.01,57198.573790410934,18554.78875,81979.71125,479.4135160818713
1994-10-01,101100,113119.04531222822,170.8,1994,0.41835833333333333,0.41835833333333333,0.41835833333333333,0,0,23929.5,0,0.01,57198.573790410934,18366.527499999997,81722.4725,478.46880854800935
1994-11-01,100000,113161.94834858735,170.7,1994,0.41835833333333333,0.41835833333333333,0.41835833333333333,0,0,23929.5,0,0.01,57198.573790410934,17906.333333333336,81093.66666666666,475.0654169107596
1994-12-01,103700,118995.58421089337,170.8,1994,0.41835833333333333,0.41835833333333333,0.41835833333333333,0,0,23929.5,0,0.01,57198.573790410934,19454.259166666663,83208.74083333334,487.1706137782982
1995-01-01,101200,114466.07977980445,172.1,1995,0.4193,0.4193,0.4193,0,0,24494,0,0.01,58416.40829954686,17939.160000000003,82248.84,477.91307379430566
1995-02-01,101200,113339.87093389298,172.3,1995,0.4193,0.4193,0.4193,0,0,24494,0,0.01,58416.40829954686,17939.160000000003,82248.84,477.3583284968078
1995-03-01,106350,117387.7692511949,172,1995,0.4193,0.4193,0.4193,0,0,24494,0,0.01,58416.40829954686,20098.555,85187.945,495.27875000000006
1995-04-01,107300,119167.37721210008,171.8,1995,0.4193,0.4193,0.4193,0,0,24494,0,0.01,58416.40829954686,20496.89,85730.11,499.01111757857973
1995-05-01,102600,116842.85390839582,172.1,1995,0.4193,0.4193,0.4193,0,0,24494,0,0.01,58416.40829954686,18526.18,83047.82,482.55560720511335
1995-06-01,102000,115337.0805588585,172.3,1995,0.4193,0.4193,0.4193,0,0,24494,0,0.01,58416.40829954686,18274.6,82705.4,480.00812536273935
1995-07-01,105000,116646.07480818414,172.8,1995,0.4193,0.4193,0.4193,0,0,24494,0,0.01,58416.40829954686,19532.5,84417.5,488.527199074074
1995-08-01,104100,115469.92086563307,173.5,1995,0.4193,0.4193,0.4193,0,0,24494,0,0.01,58416.40829954686,19155.129999999997,83903.87,483.5957925072046
1995-09-01,107250,119557.34863314209,174.1,1995,0.4193,0.4193,0.4193,0,0,24494,0,0.01,58416.40829954686,20475.925000000003,85701.575,492.25488225157955
1995-10-01,102600,115318.24810224632,174.9,1995,0.4193,0.4193,0.4193,0,0,24494,0,0.01,58416.40829954686,18526.18,83047.82,474.83030303030307
1995-11-01,110400,123148.01001564946,174.3,1995,0.4193,0.4193,0.4193,0,0,24494,0,0.01,58416.40829954686,21796.72,87499.28,502.0039013195639
1995-12-01,111800,146762.6957744828,174.2,1995,0.4193,0.4193,0.4193,0,0,24494,0,0.01,58416.40829954686,22383.739999999998,88298.26000000001,506.8786452353617
1996-01-01,102700,116259.80729470006,174.9,1996,0.4194,0.4194,0.4194,0,0,24544,0.015,0.01,59412.891028759965,17882.2943,82250.20569999999,470.269901086335
1996-02-01,109500,121476.38761032748,175.2,1996,0.4194,0.4194,0.4194,0,0,24544,0.015,0.01,59412.891028759965,20691.4355,86071.06450000001,491.2731992009133
1996-03-01,110500,123130.17652843797,175.5,1996,0.4194,0.4194,0.4194,0,0,24544,0.015,0.01,59412.891028759965,21104.544499999996,86632.95550000001,493.6350740740741
1996-04-01,105700,119466.89332222895,175.8,1996,0.4194,0.4194,0.4194,0,0,24544,0.015,0.01,59412.891028759965,19121.6213,83935.8787,477.4509596131968
1996-05-01,112550,125817.71960965115,176.9,1996,0.4194,0.4194,0.4194,0,0,24544,0.015,0.01,59412.891028759965,21951.417950000003,87784.83205,496.23986461277553
1996-06-01,110600,123154.61228122219,176.7,1996,0.4194,0.4194,0.4194,0,0,24544,0.015,0.01,59412.891028759965,21145.8554,86689.1446,490.60070514997176
1996-07-01,109700,121890.63016092623,176.9,1996,0.4194,0.4194,0.4194,0,0,24544,0.015,0.01,59412.891028759965,20774.0573,86183.4427,487.1873527416619
1996-08-01,102700,116023.3354024962,178,1996,0.4194,0.4194,0.4194,0,0,24544,0.015,0.01,59412.891028759965,17882.2943,82250.20569999999,462.0798073033707
1996-09-01,112900,126530.07108933284,178.4,1996,0.4194,0.4194,0.4194,0,0,24544,0.015,0.01,59412.891028759965,22096.0061,87981.4939,493.16980885650224
1996-10-01,112200,125693.30107443767,178.5,1996,0.4194,0.4194,0.4194,0,0,24544,0.015,0.01,59412.891028759965,21806.8298,87588.1702,490.69002913165264
1996-11-01,112600,126759.92753931152,178.6,1996,0.4194,0.4194,0.4194,0,0,24544,0.015,0.01,59412.891028759965,21972.0734,87812.9266,491.6737211646137
1996-12-01,124700,190976.32990431946,177.8,1996,0.4194,0.4194,0.4194,0,0,24544,0.015,0.01,59412.891028759965,26970.692300000002,94611.8077,532.1249026996626
1997-01-01,106200,120699.59472547608,178.4,1997,0.40880000000000005,0.40880000000000005,0.40880000000000005,0,0,23901,0.035,0.01,60586.779960049884,17994.050400000007,83426.94959999999,467.6398520179372
1997-02-01,111650,126631.43970880212,178.5,1997,0.40880000000000005,0.40880000000000005,0.40880000000000005,0,0,23901,0.035,0.01,60586.779960049884,20144.031800000004,86481.7182,484.491418487395
1997-03-01,115400,127991.1233447099,178.4,1997,0.40880000000000005,0.40880000000000005,0.40880000000000005,0,0,23901,0.035,0.01,60586.779960049884,21623.376800000005,88583.6232,496.5449730941704
1997-04-01,125100,137953.7027551706,179.7,1997,0.40880000000000005,0.40880000000000005,0.40880000000000005,0,0,23901,0.035,0.01,60586.779960049884,25449.949200000003,94020.5508,523.208407345576
1997-05-01,117700,133393.14296577947,179.4,1997,0.40880000000000005,0.40880000000000005,0.40880000000000005,0,0,23901,0.035,0.01,60586.779960049884,22530.708400000003,89872.7916,500.96316387959865
1997-06-01,122700,137058.66709038604,179.8,1997,0.40880000000000005,0.40880000000000005,0.40880000000000005,0,0,23901,0.035,0.01,60586.779960049884,24503.16840000001,92675.33159999999,515.435659621802
1997-07-01,122500,135591.72686827392,180.1,1997,0.40880000000000005,0.40880000000000005,0.40880000000000005,0,0,23901,0.035,0.01,60586.779960049884,24424.270000000004,92563.23,513.9546363131593
1997-08-01,116000,129919.91149446841,180.6,1997,0.40880000000000005,0.40880000000000005,0.40880000000000005,0,0,23901,0.035,0.01,60586.779960049884,21860.072000000007,88919.92799999999,492.35840531561456
1997-09-01,115100,132988.54964054422,181.3,1997,0.40880000000000005,0.40880000000000005,0.40880000000000005,0,0,23901,0.035,0.01,60586.779960049884,21505.029200000004,88415.4708,487.67496304467727
1997-10-01,129000,143178.50165819147,181.9,1997,0.40880000000000005,0.40880000000000005,0.40880000000000005,0,0,23901,0.035,0.01,60586.779960049884,26988.468000000008,96206.53199999999,528.8979219351291
1997-11-01,130000,145143.9411680606,181.7,1997,0.40880000000000005,0.40880000000000005,0.40880000000000005,0,0,23901,0.035,0.01,60586.779960049884,27382.960000000006,96767.04,532.5648871766648
1997-12-01,136500,210423.54121323134,181.4,1997,0.40880000000000005,0.40880000000000005,0.40880000000000005,0,0,23901,0.035,0.01,60586.779960049884,29947.15800000001,100410.34199999999,553.53
1998-01-01,132700,147206.23270993767,182.4,1998,0.3902,0.3902,0.3902,0,0,23360,0.04,0.01,62361.18229967539,26348.358399999997,99716.6416,546.6921140350877
1998-02-01,133000,147205.43093082216,182,1998,0.3902,0.3902,0.3902,0,0,23360,0.04,0.01,62361.18229967539,26460.735999999997,99889.264,548.8421098901099
1998-03-01,134200,148194.6473296501,182.7,1998,0.3902,0.3902,0.3902,0,0,23360,0.04,0.01,62361.18229967539,26910.246399999996,100579.7536,550.5186294471812
1998-04-01,135200,151362.96044017273,183.1,1998,0.3902,0.3902,0.3902,0,0,23360,0.04,0.01,62361.18229967539,27284.8384,101155.16159999999,552.4585559803386
1998-05-01,131600,148400.97940766762,183.7,1998,0.3902,0.3902,0.3902,0,0,23360,0.04,0.01,62361.18229967539,25936.307199999996,99083.6928,539.3777506804573
1998-06-01,130000,145240.65349628887,184,1998,0.3902,0.3902,0.3902,0,0,23360,0.04,0.01,62361.18229967539,25336.96,98163.04000000001,533.4947826086957
1998-07-01,131950,147110.52038043478,183.6,1998,0.3902,0.3902,0.3902,0,0,23360,0.04,0.01,62361.18229967539,26067.4144,99285.08559999999,540.7684400871459
1998-08-01,127200,141839.46157434402,182.6,1998,0.3902,0.3902,0.3902,0,0,23360,0.04,0.01,62361.18229967539,24288.102399999996,96551.8976,528.7617612267251
1998-09-01,138100,153597.05090193506,182.8,1998,0.3902,0.3902,0.3902,0,0,23360,0.04,0.01,62361.18229967539,28371.1552,102823.84479999999,562.493680525164
1998-10-01,140000,154443.00417329094,183.6,1998,0.3902,0.3902,0.3902,0,0,23360,0.04,0.01,62361.18229967539,29082.879999999997,103917.12,565.997385620915
1998-11-01,144700,160096.7190230215,184.1,1998,0.3902,0.3902,0.3902,0,0,23360,0.04,0.01,62361.18229967539,30843.462399999997,106621.53760000001,579.15012275937
1998-12-01,150000,231150.66860019174,183.7,1998,0.3902,0.3902,0.3902,0,0,23360,0.04,0.01,62361.18229967539,32828.799999999996,109671.20000000001,597.0125204137181
1999-01-01,146700,163294.62878885592,184.8,1999,0.3834,0.3834,0.3834,0,0,23329,0.04,0.01,63382.998608937574,30665.9888,108699.01120000001,588.1981125541125
1999-02-01,148700,163422.94887576936,184.5,1999,0.3834,0.3834,0.3834,0,0,23329,0.04,0.01,63382.998608937574,31402.116800000003,109862.8832,595.4627815718158
1999-03-01,149400,165656.96601423487,185.4,1999,0.3834,0.3834,0.3834,0,0,23329,0.04,0.01,63382.998608937574,31659.761600000005,110270.2384,594.7693549083064
1999-04-01,150100,166545.8574981348,186.4,1999,0.3834,0.3834,0.3834,0,0,23329,0.04,0.01,63382.998608937574,31917.4064,110677.5936,593.76391416309
1999-05-01,150000,165866.41753965878,187.3,1999,0.3834,0.3834,0.3834,0,0,23329,0.04,0.01,63382.998608937574,31880.600000000006,110619.4,590.6001067805659
1999-06-01,147100,164431.6144308499,188.8,1999,0.3834,0.3834,0.3834,0,0,23329,0.04,0.01,63382.998608937574,30813.214400000004,108931.7856,576.9692033898305
1999-07-01,146800,163021.22591943957,189.5,1999,0.3834,0.3834,0.3834,0,0,23329,0.04,0.01,63382.998608937574,30702.7952,108757.2048,573.9166480211082
1999-08-01,144400,160356.3540472879,190.2,1999,0.3834,0.3834,0.3834,0,0,23329,0.04,0.01,63382.998608937574,29819.441600000006,107360.5584,564.4614006309148
1999-09-01,153900,170650.1451342282,191.8,1999,0.3834,0.3834,0.3834,0,0,23329,0.04,0.01,63382.998608937574,33316.049600000006,112888.9504,588.5763837330552
1999-10-01,155300,173868.97213567692,193.3,1999,0.3834,0.3834,0.3834,0,0,23329,0.04,0.01,63382.998608937574,33831.3392,113703.6608,588.2238013450594
1999-11-01,161500,178295.6455360302,193.3,1999,0.3834,0.3834,0.3834,0,0,23329,0.04,0.01,63382.998608937574,36113.336,117311.66399999999,606.8891050181065
1999-12-01,170000,259836.59526453735,194,1999,0.3834,0.3834,0.3834,0,0,23329,0.04,0.01,63382.998608937574,39241.880000000005,122258.12,630.1964948453608
2000-01-01,156700,172632.77744001738,195.5,2000,0.3837,0.3837,0.3837,0,0,24360.5,0.04,0.01,66133.75249761099,33360.2584,115504.74160000001,590.8170925831203
2000-02-01,157300,175967.07073727707,194.9,2000,0.3837,0.3837,0.3837,0,0,24360.5,0.04,0.01,66133.75249761099,33581.2696,115853.7304,594.4265284761416
2000-03-01,159200,176692.57230853094,196.4,2000,0.3837,0.3837,0.3837,0,0,24360.5,0.04,0.01,66133.75249761099,34281.138399999996,116958.8616,595.5135519348269
2000-04-01,160900,180747.27816582244,197.6,2000,0.3837,0.3837,0.3837,0,0,24360.5,0.04,0.01,66133.75249761099,34907.3368,117947.66320000001,596.9011295546559
2000-05-01,169300,190213.30872927053,198.4,2000,0.3837,0.3837,0.3837,0,0,24360.5,0.04,0.01,66133.75249761099,38001.493599999994,122833.50640000001,619.1204959677419
2000-06-01,164700,185628.09878002648,199.1,2000,0.3837,0.3837,0.3837,0,0,24360.5,0.04,0.01,66133.75249761099,36307.0744,120157.9256,603.5054023103968
2000-07-01,165600,183942.0844420705,200.1,2000,0.3837,0.3837,0.3837,0,0,24360.5,0.04,0.01,66133.75249761099,36638.591199999995,120681.4088,603.1054912543729
2000-08-01,160100,179252.29906803355,199.1,2000,0.3837,0.3837,0.3837,0,0,24360.5,0.04,0.01,66133.75249761099,34612.6552,117482.34479999999,590.0670256152687
2000-09-01,171850,191875.20874228474,199.5,2000,0.3837,0.3837,0.3837,0,0,24360.5,0.04,0.01,66133.75249761099,38940.7912,124316.7088,623.1413974937343
2000-10-01,175000,193239.94973558298,201.5,2000,0.3837,0.3837,0.3837,0,0,24360.5,0.04,0.01,66133.75249761099,40101.1,126148.9,626.0491315136476
2000-11-01,180000,199094.84490377063,202.1,2000,0.3837,0.3837,0.3837,0,0,24360.5,0.04,0.01,66133.75249761099,41942.86,129057.14000000001,638.5806036615538
2000-12-01,176200,200946.6290937446,202.1,2000,0.3837,0.3837,0.3837,0,0,24360.5,0.04,0.01,66133.75249761099,40543.1224,126846.8776,627.6441246907472
2001-01-01,182700,202053.8789155709,202.4,2001,0.38759999999999994,0.38759999999999994,0.38759999999999994,0,0,25245,0.04,0.01,67845.39473684212,42736.93919999999,130828.0608,646.3836996047431
2001-02-01,181100,200679.68904629914,202.8,2001,0.38759999999999994,0.38759999999999994,0.38759999999999994,0,0,25245,0.04,0.01,67845.39473684212,42141.58559999999,129903.41440000001,640.5493806706114
2001-03-01,180500,199950.05393071976,204,2001,0.38759999999999994,0.38759999999999994,0.38759999999999994,0,0,25245,0.04,0.01,67845.39473684212,41918.327999999994,129556.67200000002,635.0817254901962
2001-04-01,185000,203327.20452446907,206.5,2001,0.38759999999999994,0.38759999999999994,0.38759999999999994,0,0,25245,0.04,0.01,67845.39473684212,43592.759999999995,132157.24,639.9866343825665
2001-05-01,186700,205091.53660466956,209.4,2001,0.38759999999999994,0.38759999999999994,0.38759999999999994,0,0,25245,0.04,0.01,67845.39473684212,44225.323199999984,133139.67680000002,635.8150754536772
2001-06-01,180000,198884.42511808834,212.6,2001,0.38759999999999994,0.38759999999999994,0.38759999999999994,0,0,25245,0.04,0.01,67845.39473684212,41732.279999999984,129267.72000000003,608.0325493885232
2001-07-01,180000,200401.94132469402,214.2,2001,0.38759999999999994,0.38759999999999994,0.38759999999999994,0,0,25245,0.04,0.01,67845.39473684212,41732.279999999984,129267.72000000003,603.4907563025212
2001-08-01,179900,197767.03107371193,214.9,2001,0.38759999999999994,0.38759999999999994,0.38759999999999994,0,0,25245,0.04,0.01,67845.39473684212,41695.0704,129209.9296,601.2560707305723
2001-09-01,185000,203215.23427195646,216.3,2001,0.38759999999999994,0.38759999999999994,0.38759999999999994,0,0,25245,0.04,0.01,67845.39473684212,43592.759999999995,132157.24,610.9904761904761
2001-10-01,190000,207325.22464464567,217.7,2001,0.38759999999999994,0.38759999999999994,0.38759999999999994,0,0,25245,0.04,0.01,67845.39473684212,45453.23999999999,135046.76,620.3342214056041
2001-11-01,201700,220285.67701404286,218.5,2001,0.38759999999999994,0.38759999999999994,0.38759999999999994,0,0,25245,0.04,0.01,67845.39473684212,49806.76319999999,141808.2368,649.0079487414188
2001-12-01,194700,218388.40833617168,219.5,2001,0.38759999999999994,0.38759999999999994,0.38759999999999994,0,0,25245,0.04,0.01,67845.39473684212,47202.091199999995,137762.9088,627.6214523917996
2002-01-01,195000,216632.6704574561,221.5,2002,0.3854,0.3854,0.3854,0,0,26002,0.04,0.01,70278.71475523266,46144.880000000005,139105.12,628.014085778781
2002-02-01,195700,215275.40464450454,220.9,2002,0.3854,0.3854,0.3854,0,0,26002,0.04,0.01,70278.71475523266,46403.8688,139511.1312,631.5578596650068
2002-03-01,195200,213330.72889150312,221.8,2002,0.3854,0.3854,0.3854,0,0,26002,0.04,0.01,70278.71475523266,46218.8768,139221.1232,627.687660955816
2002-04-01,198300,217662.14038551462,221.9,2002,0.3854,0.3854,0.3854,0,0,26002,0.04,0.01,70278.71475523266,47365.8272,141019.1728,635.5077638575935
2002-05-01,196800,215803.18004719587,221.8,2002,0.3854,0.3854,0.3854,0,0,26002,0.04,0.01,70278.71475523266,46810.851200000005,140149.1488,631.8717258791704
2002-06-01,190400,211909.44780852264,222.8,2002,0.3854,0.3854,0.3854,0,0,26002,0.04,0.01,70278.71475523266,44442.95360000001,136437.0464,612.3745350089766
2002-07-01,190400,210762.27627988716,223,2002,0.3854,0.3854,0.3854,0,0,26002,0.04,0.01,70278.71475523266,44442.95360000001,136437.0464,611.8253201793722
2002-08-01,190000,208499.15259755804,221.8,2002,0.3854,0.3854,0.3854,0,0,26002,0.04,0.01,70278.71475523266,44294.96000000001,136205.03999999998,614.0894499549142
2002-09-01,198000,217591.90835922776,222.9,2002,0.3854,0.3854,0.3854,0,0,26002,0.04,0.01,70278.71475523266,47254.83200000001,140845.168,631.8760340960072
2002-10-01,201500,219930.39058012638,224.1,2002,0.3854,0.3854,0.3854,0,0,26002,0.04,0.01,70278.71475523266,48549.776,142875.224,637.5512003569835
2002-11-01,216000,232915.3876633987,223.7,2002,0.3854,0.3854,0.3854,0,0,26002,0.04,0.01,70278.71475523266,53914.54400000001,151285.456,676.2872418417525
2002-12-01,198600,225553.2811106016,223.9,2002,0.3854,0.3854,0.3854,0,0,26002,0.04,0.01,70278.71475523266,47476.822400000005,141193.1776,630.6082072353729
2003-01-01,207300,228599.3123501824,224.7,2003,0.3855,0.3855,0.3855,0,0,26825,0.04,0.01,72484.32771292694,49892.584,147042.416,654.3943747218514
2003-02-01,208000,229701.3181180533,224.3,2003,0.3855,0.3855,0.3855,0,0,26825,0.04,0.01,72484.32771292694,50151.64,147448.36,657.3711992866696
2003-03-01,208600,231180.67158789167,226.7,2003,0.3855,0.3855,0.3855,0,0,26825,0.04,0.01,72484.32771292694,50373.687999999995,147796.312,651.9466784296427
2003-04-01,210600,232612.61517060368,227,2003,0.3855,0.3855,0.3855,0,0,26825,0.04,0.01,72484.32771292694,51113.848,148956.152,656.1945022026432
2003-05-01,212000,233582.3692253733,226.6,2003,0.3855,0.3855,0.3855,0,0,26825,0.04,0.01,72484.32771292694,51631.96000000001,149768.03999999998,660.9357458075904
2003-06-01,208200,229227.97717566017,226.8,2003,0.3855,0.3855,0.3855,0,0,26825,0.04,0.01,72484.32771292694,50225.656,147564.34399999998,650.6364373897707
2003-07-01,199900,220444.5990083246,226.5,2003,0.3855,0.3855,0.3855,0,0,26825,0.04,0.01,72484.32771292694,47153.992,142751.008,630.2472759381899
2003-08-01,201600,222756.9451637114,226.3,2003,0.3855,0.3855,0.3855,0,0,26825,0.04,0.01,72484.32771292694,47783.128,143736.872,635.1607247017233
2003-09-01,213500,233639.33963986812,227.9,2003,0.3855,0.3855,0.3855,0,0,26825,0.04,0.01,72484.32771292694,52187.08,150637.91999999998,660.9825362000877
2003-10-01,213400,235068.45697466086,229,2003,0.3855,0.3855,0.3855,0,0,26825,0.04,0.01,72484.32771292694,52150.072,150579.928,657.5542707423581
2003-11-01,234900,254420.03132794573,229.3,2003,0.3855,0.3855,0.3855,0,0,26825,0.04,0.01,72484.32771292694,60106.792,163048.20799999998,711.0693763628433
2003-12-01,216250,246422.69642857142,230,2003,0.3855,0.3855,0.3855,0,0,26825,0.04,0.01,72484.32771292694,53204.8,152232.7,661.8813043478261
2004-01-01,212900,238182.98673975465,230.1,2004,0.38580000000000003,0.38580000000000003,0.38580000000000003,0,0,27495.666666666668,0.04,0.01,74238.77512816082,51355.68053333333,150899.31946666667,655.7988677386644
2004-02-01,215000,237327.05442742145,229.4,2004,0.38580000000000003,0.38580000000000003,0.38580000000000003,0,0,27495.666666666668,0.04,0.01,74238.77512816082,52133.45333333334,152116.54666666666,663.1061319383899
2004-03-01,217200,239328.1874302526,230.7,2004,0.38580000000000003,0.38580000000000003,0.38580000000000003,0,0,27495.666666666668,0.04,0.01,74238.77512816082,52948.26293333333,153391.73706666665,664.8969963878052
2004-04-01,219400,242330.58149280222,232,2004,0.38580000000000003,0.38580000000000003,0.38580000000000003,0,0,27495.666666666668,0.04,0.01,74238.77512816082,53763.07253333334,154666.92746666668,666.6677908045978
2004-05-01,234100,253502.86899957267,233.9,2004,0.38580000000000003,0.38580000000000003,0.38580000000000003,0,0,27495.666666666668,0.04,0.01,74238.77512816082,59207.48213333334,163187.51786666666,697.680709134958
2004-06-01,218400,241775.1066672413,235.7,2004,0.38580000000000003,0.38580000000000003,0.38580000000000003,0,0,27495.666666666668,0.04,0.01,74238.77512816082,53392.70453333334,154087.29546666666,653.7432985433461
2004-07-01,216200,241056.93031141252,234.6,2004,0.38580000000000003,0.38580000000000003,0.38580000000000003,0,0,27495.666666666668,0.04,0.01,74238.77512816082,52577.89493333333,152812.10506666667,651.372996874112
2004-08-01,219200,240018.64073328863,234.6,2004,0.38580000000000003,0.38580000000000003,0.38580000000000003,0,0,27495.666666666668,0.04,0.01,74238.77512816082,53688.998933333336,154551.00106666668,658.7851707871555
2004-09-01,224900,245100.15227429022,235.6,2004,0.38580000000000003,0.38580000000000003,0.38580000000000003,0,0,27495.666666666668,0.04,0.01,74238.77512816082,55800.09653333333,157854.90346666667,670.012323712507
2004-10-01,234300,256598.03250641574,237.4,2004,0.38580000000000003,0.38580000000000003,0.38580000000000003,0,0,27495.666666666668,0.04,0.01,74238.77512816082,59281.55573333334,163303.44426666666,687.8830845268183
2004-11-01,247400,269952.68248950125,237.9,2004,0.38580000000000003,0.38580000000000003,0.38580000000000003,0,0,27495.666666666668,0.04,0.01,74238.77512816082,64133.37653333334,170896.62346666667,718.3548695530335
2004-12-01,232300,263268.6872083736,239,2004,0.38580000000000003,0.38580000000000003,0.38580000000000003,0,0,27495.666666666668,0.04,0.01,74238.77512816082,58540.81973333334,162144.18026666666,678.4275324965132
2005-01-01,232100,257961.72095092176,239.2,2005,0.3773,0.3773,0.3773,0,0,28320.5,0.04,0.01,78188.49942574433,55747.976800000004,164747.0232,688.7417357859532
2005-02-01,240600,264405.4620608208,239.7,2005,0.3773,0.3773,0.3773,0,0,28320.5,0.04,0.01,78188.49942574433,58826.7448,169743.2552,708.1487492699208
2005-03-01,239600,265980.21097046416,241.5,2005,0.3773,0.3773,0.3773,0,0,28320.5,0.04,0.01,78188.49942574433,58464.5368,169155.4632,700.436700621118
2005-04-01,242950,267584.49679210957,242,2005,0.3773,0.3773,0.3773,0,0,28320.5,0.04,0.01,78188.49942574433,59677.933600000004,171124.5664,707.1263074380166
2005-05-01,245800,267988.7813364261,240.7,2005,0.3773,0.3773,0.3773,0,0,28320.5,0.04,0.01,78188.49942574433,60710.2264,172799.77360000001,717.9051665974242
2005-06-01,234600,260257.2567379476,242.4,2005,0.3773,0.3773,0.3773,0,0,28320.5,0.04,0.01,78188.49942574433,56653.49680000001,166216.50319999998,685.7116468646864
2005-07-01,230050,256155.6411391348,242.7,2005,0.3773,0.3773,0.3773,0,0,28320.5,0.04,0.01,78188.49942574433,55005.4504,163542.0496,673.8444565306963
2005-08-01,231900,256900.59192050117,243.2,2005,0.3773,0.3773,0.3773,0,0,28320.5,0.04,0.01,78188.49942574433,55675.5352,164629.46480000002,676.930365131579
2005-09-01,246600,269288.6196333149,246.9,2005,0.3773,0.3773,0.3773,0,0,28320.5,0.04,0.01,78188.49942574433,60999.99280000001,173270.0072,701.7821271769947
2005-10-01,250000,272557.72173026105,248.4,2005,0.3773,0.3773,0.3773,0,0,28320.5,0.04,0.01,78188.49942574433,62231.5,175268.5,705.5897745571658
2005-11-01,282900,310545.3431008744,248,2005,0.3773,0.3773,0.3773,0,0,28320.5,0.04,0.01,78188.49942574433,74148.1432,194606.8568,784.7050677419355
2005-12-01,252700,287220.9789937254,248.9,2005,0.3773,0.3773,0.3773,0,0,28320.5,0.04,0.01,78188.49942574433,63209.46160000001,176855.5384,710.5485672961028
2006-01-01,256050,284094.03769481694,249.7,2006,0.36719999999999997,0.36719999999999997,0.36719999999999997,0,0,29028.583333333332,0.04,0.01,82347.78768760592,61232.11426666667,182015.38573333333,728.936266453077
2006-02-01,259800,289860.5692155273,249.5,2006,0.36719999999999997,0.36719999999999997,0.36719999999999997,0,0,29028.583333333332,0.04,0.01,82347.78768760592,62554.03426666667,184255.96573333332,738.5008646626586
2006-03-01,260500,290171.6883809863,252.3,2006,0.36719999999999997,0.36719999999999997,0.36719999999999997,0,0,29028.583333333332,0.04,0.01,82347.78768760592,62800.79266666666,184674.20733333332,731.9627718324745
2006-04-01,262700,291387.12058708584,255.2,2006,0.36719999999999997,0.36719999999999997,0.36719999999999997,0,0,29028.583333333332,0.04,0.01,82347.78768760592,63576.31906666666,185988.68093333335,728.7957716823407
2006-05-01,263900,289169.6209700255,258.9,2006,0.36719999999999997,0.36719999999999997,0.36719999999999997,0,0,29028.583333333332,0.04,0.01,82347.78768760592,63999.33346666666,186705.66653333334,721.1497355478307
2006-06-01,250350,280958.0703838444,261.9,2006,0.36719999999999997,0.36719999999999997,0.36719999999999997,0,0,29028.583333333332,0.04,0.01,82347.78768760592,59222.79586666667,178609.70413333335,681.9767244495356
2006-07-01,257800,290443.1544955842,263.1,2006,0.36719999999999997,0.36719999999999997,0.36719999999999997,0,0,29028.583333333332,0.04,0.01,82347.78768760592,61849.010266666664,183060.98973333335,695.7848336500697
2006-08-01,262000,290897.27843396383,264,2006,0.36719999999999997,0.36719999999999997,0.36719999999999997,0,0,29028.583333333332,0.04,0.01,82347.78768760592,63329.56066666666,185570.43933333334,702.9183308080809
2006-09-01,275000,302533.895977317,265.6,2006,0.36719999999999997,0.36719999999999997,0.36719999999999997,0,0,29028.583333333332,0.04,0.01,82347.78768760592,67912.21666666666,193337.78333333333,727.9284011044176
2006-10-01,276400,306221.7934307481,266.2,2006,0.36719999999999997,0.36719999999999997,0.36719999999999997,0,0,29028.583333333332,0.04,0.01,82347.78768760592,68405.73346666666,194174.26653333334,729.4300020035062
2006-11-01,301300,329140.4996090374,266.1,2006,0.36719999999999997,0.36719999999999997,0.36719999999999997,0,0,29028.583333333332,0.04,0.01,82347.78768760592,77183.28226666666,209051.71773333335,785.613369911061
2006-12-01,283700,322505.87214012886,266.2,2006,0.36719999999999997,0.36719999999999997,0.36719999999999997,0,0,29028.583333333332,0.04,0.01,82347.78768760592,70979.07106666666,198535.92893333334,745.8149095917857
2007-01-01,286400,319901.21818577335,266.9,2007,0.3572,0.3572,0.3572,0,0,32150,0.04,0.0085,93755.83240014932,66059.99680000001,206449.60319999998,773.5091914574747
2007-02-01,289400,321106.28319342126,268,2007,0.3572,0.3572,0.3572,0,0,32150,0.04,0.0085,93755.83240014932,67088.7328,208275.3672,777.1468925373134
2007-03-01,291600,323697.6029580518,267.1,2007,0.3572,0.3572,0.3572,0,0,32150,0.04,0.0085,93755.83240014932,67843.1392,209614.2608,784.7782134032196
2007-04-01,298400,333902.4891901367,268.7,2007,0.3572,0.3572,0.3572,0,0,32150,0.04,0.0085,93755.83240014932,70174.94080000001,213752.6592,795.5067331596576
2007-05-01,294300,323263.0094157851,271,2007,0.3572,0.3572,0.3572,0,0,32150,0.04,0.0085,93755.83240014932,68769.0016,211257.4484,779.5477800738007
2007-06-01,280000,312495.45674706966,272.4,2007,0.3572,0.3572,0.3572,0,0,32150,0.04,0.0085,93755.83240014932,63865.36,202554.64,743.5926578560941
2007-07-01,281400,320215.11762997386,273,2007,0.3572,0.3572,0.3572,0,0,32150,0.04,0.0085,93755.83240014932,64345.43680000001,203406.66319999998,745.0793523809523
2007-08-01,285700,318665.48209987965,273.1,2007,0.3572,0.3572,0.3572,0,0,32150,0.04,0.0085,93755.83240014932,65819.9584,206023.59159999999,754.3888377883558
2007-09-01,300000,333073.52833934285,276.7,2007,0.3572,0.3572,0.3572,0,0,32150,0.04,0.0085,93755.83240014932,70723.6,214726.4,776.02602096133
2007-10-01,302400,336435.88192596176,278.1,2007,0.3572,0.3572,0.3572,0,0,32150,0.04,0.0085,93755.83240014932,71546.58880000001,216187.01119999998,777.3714893923047
2007-11-01,326600,359403.4677356581,279.9,2007,0.3572,0.3572,0.3572,0,0,32150,0.04,0.0085,93755.83240014932,79845.0592,230914.84079999998,824.9904994640943
2007-12-01,309700,355511.2473695668,281.8,2007,0.3572,0.3572,0.3572,0,0,32150,0.04,0.0085,93755.83240014932,74049.84640000001,220629.70359999998,782.9301050390346
2008-01-01,305000,345428.1726094003,282.3,2008,0.3572,0.3572,0.3572,0,0,34034.083333333336,0.04,0.007,99250.1963574717,70554.07666666666,220110.92333333334,779.705714960444
2008-02-01,315000,355522.33496282296,286.2,2008,0.3572,0.3572,0.3572,0,0,34034.083333333336,0.04,0.007,99250.1963574717,73983.19666666666,226211.80333333334,790.3976356860005
2008-03-01,324000,361936.98890778073,290.4,2008,0.3572,0.3572,0.3572,0,0,34034.083333333336,0.04,0.007,99250.1963574717,77069.40466666667,231702.59533333333,797.8739508723601
2008-04-01,326600,368511.60244672146,300.3,2008,0.3572,0.3572,0.3572,0,0,34034.083333333336,0.04,0.007,99250.1963574717,77960.97586666667,233288.8241333333,776.8525612165611
2008-05-01,326100,361455.2931252636,300.3,2008,0.3572,0.3572,0.3572,0,0,34034.083333333336,0.04,0.007,99250.1963574717,77789.51986666667,232983.78013333332,775.8367636807636
2008-06-01,310000,347657.83925260825,307.1,2008,0.3572,0.3572,0.3572,0,0,34034.083333333336,0.04,0.007,99250.1963574717,72268.63666666666,223161.36333333334,726.6732768913491
2008-07-01,304050,342986.9040842465,310,2008,0.3572,0.3572,0.3572,0,0,34034.083333333336,0.04,0.007,99250.1963574717,70228.31026666667,219531.33973333333,708.1656120430107
2008-08-01,311600,349409.84494957095,312.8,2008,0.3572,0.3572,0.3572,0,0,34034.083333333336,0.04,0.007,99250.1963574717,72817.29586666668,224137.5041333333,716.5521231884056
2008-09-01,326000,361394.7204348347,315.5,2008,0.3572,0.3572,0.3572,0,0,34034.083333333336,0.04,0.007,99250.1963574717,77755.22866666666,232922.77133333334,738.2655192815637
2008-10-01,325400,366197.7843969316,322.3,2008,0.3572,0.3572,0.3572,0,0,34034.083333333336,0.04,0.007,99250.1963574717,77549.48146666668,232556.71853333333,721.5535790671217
2008-11-01,346000,384671.08658541425,327.9,2008,0.3572,0.3572,0.3572,0,0,34034.083333333336,0.04,0.007,99250.1963574717,84613.46866666668,245124.53133333332,747.558802480431
2008-12-01,330600,375856.7707737482,332.9,2008,0.3572,0.3572,0.3572,0,0,34034.083333333336,0.04,0.007,99250.1963574717,79332.62386666666,235729.17613333333,708.1080688895564
2009-01-01,320000,356570.386227812,334.8,2009,0.372,0.372,0.372,0,0,42205.5,0.04,0.007,118182.96370967742,72072.9,232887.1,695.6006571087216
2009-02-01,311300,353472.5987361769,336.5,2009,0.372,0.372,0.372,0,0,42205.5,0.04,0.007,118182.96370967742,68965.956,227702.944,676.680368499257
2009-03-01,310700,351352.3699024537,334.5,2009,0.372,0.372,0.372,0,0,42205.5,0.04,0.007,118182.96370967742,68751.684,227345.416,679.6574469357249
2009-04-01,313000,355151.91699933464,336,2009,0.372,0.372,0.372,0,0,42205.5,0.04,0.007,118182.96370967742,69573.06,228715.94,680.7022023809524
2009-05-01,319000,352202.97751913266,336,2009,0.372,0.372,0.372,0,0,42205.5,0.04,0.007,118182.96370967742,71715.78,232291.22,691.3429166666667
2009-06-01,302000,340056.0436265507,336,2009,0.372,0.372,0.372,0,0,42205.5,0.04,0.007,118182.96370967742,65644.74,222161.26,661.1942261904762
2009-07-01,304000,340880.6451612903,336,2009,0.372,0.372,0.372,0,0,42205.5,0.04,0.007,118182.96370967742,66358.98,223353.02000000002,664.741130952381
2009-08-01,301400,336500.8508802886,336,2009,0.372,0.372,0.372,0,0,42205.5,0.04,0.007,118182.96370967742,65430.46799999999,221803.73200000002,660.1301547619048
2009-09-01,314100,346877.5505884345,349.6,2009,0.372,0.372,0.372,0,0,42205.5,0.04,0.007,118182.96370967742,69965.89199999999,229371.408,656.096704805492
2009-10-01,315200,349877.6559378468,353.6,2009,0.372,0.372,0.372,0,0,42205.5,0.04,0.007,118182.96370967742,70358.724,230026.87600000002,650.5284954751131
2009-11-01,346300,382342.4170716248,356.2,2009,0.372,0.372,0.372,0,0,42205.5,0.04,0.007,118182.96370967742,81465.156,248558.74399999998,697.8066928691745
2009-12-01,337700,385931.55549951666,357.9,2009,0.372,0.372,0.372,0,0,42205.5,0.04,0.007,118182.96370967742,78393.924,243434.176,680.1737245040515
2010-01-01,322600,356737.988373665,356.8,2010,0.3722,0.4012,0.46120000000000005,200000,650000,44205.5,0.04,0.007,123716.8077198639,74244.5352,233193.2648,653.568567264574
2010-02-01,320000,355889.89815098135,360.9,2010,0.3722,0.4012,0.46120000000000005,200000,650000,44205.5,0.04,0.007,123716.8077198639,73243.14,231716.86,642.052812413411
2010-03-01,330900,370401.9459655157,362.9,2010,0.3722,0.4012,0.46120000000000005,200000,650000,44205.5,0.04,0.007,123716.8077198639,77441.29680000001,237906.4032,655.5701383301185
2010-04-01,331400,371554.38737651426,363.8,2010,0.3722,0.4012,0.46120000000000005,200000,650000,44205.5,0.04,0.007,123716.8077198639,77633.8728,238190.3272,654.7287718526662
2010-05-01,337100,379391.9865836903,365.3,2010,0.3722,0.4012,0.46120000000000005,200000,650000,44205.5,0.04,0.007,123716.8077198639,79829.23920000001,241427.06079999998,660.9007960580344
2010-06-01,328300,371987.4499223285,365.3,2010,0.3722,0.4012,0.46120000000000005,200000,650000,44205.5,0.04,0.007,123716.8077198639,76439.9016,236429.9984,647.2214574322475
2010-07-01,324700,363380.9132420091,361.7,2010,0.3722,0.4012,0.46120000000000005,200000,650000,44205.5,0.04,0.007,123716.8077198639,75053.3544,234385.7456,648.0114614321261
2010-08-01,326150,367897.2857858694,362.6,2010,0.3722,0.4012,0.46120000000000005,200000,650000,44205.5,0.04,0.007,123716.8077198639,75611.8248,235209.1252,648.6738146718146
2010-09-01,339600,377043.1453272952,362.6,2010,0.3722,0.4012,0.46120000000000005,200000,650000,44205.5,0.04,0.007,123716.8077198639,80792.1192,242846.68079999997,669.7371230005515
2010-10-01,340300,381879.7227116758,365.3,2010,0.3722,0.4012,0.46120000000000005,200000,650000,44205.5,0.04,0.007,123716.8077198639,81061.7256,243244.1744,665.8751010128661
2010-11-01,369900,407724.2330747532,365.5,2010,0.3722,0.4012,0.46120000000000005,200000,650000,44205.5,0.04,0.007,123716.8077198639,92462.2248,260052.47520000004,711.4978801641588
2010-12-01,339200,384193.41412012646,366.7,2010,0.3722,0.4012,0.46120000000000005,200000,650000,44205.5,0.04,0.007,123716.8077198639,80638.05840000001,242619.5416,661.6295107717481
2011-01-01,341300,380847.48481397115,363.4,2011,0.3731,0.4021,0.4621,209400,680550,44205.5,0.04,0.007,123418.37532386313,81469.1608,243789.73919999998,670.8578403962575
2011-02-01,343000,386409.49539799266,363.4,2011,0.3731,0.4021,0.4621,209400,680550,44205.5,0.04,0.007,123418.37532386313,82125.388,244753.612,673.5102146395158
2011-03-01,340000,380903.5958674359,363.4,2011,0.3731,0.4021,0.4621,209400,680550,44205.5,0.04,0.007,123418.37532386313,80967.34,243052.66,668.8295542102367
2011-04-01,345600,386356.03410195245,363.4,2011,0.3731,0.4021,0.4621,209400,680550,44205.5,0.04,0.007,123418.37532386313,83129.02960000001,246227.77039999998,677.5667870115575
2011-05-01,382900,414046.8056857232,377.6,2011,0.3731,0.4021,0.4621,209400,680550,44205.5,0.04,0.007,123418.37532386313,97527.4264,267376.2736,708.0939449152543
2011-06-01,358400,396784.00297926925,379.5,2011,0.3731,0.4021,0.4621,209400,680550,44205.5,0.04,0.007,123418.37532386313,88070.0344,253485.1656,667.945100395257
2011-07-01,344000,383894.8165901613,379.9,2011,0.3731,0.4021,0.4621,209400,680550,44205.5,0.04,0.007,123418.37532386313,82511.40400000001,245320.596,645.7504501184522
2011-08-01,350000,388655.2797143343,380.9,2011,0.3731,0.4021,0.4621,209400,680550,44205.5,0.04,0.007,123418.37532386313,84827.5,248722.5,652.986348122867
2011-09-01,364900,400896.4306905838,383.3,2011,0.3731,0.4021,0.4621,209400,680550,44205.5,0.04,0.007,123418.37532386313,90579.1384,257170.56160000002,670.93806835377
2011-10-01,360000,401301.7925333573,384.6,2011,0.3731,0.4021,0.4621,209400,680550,44205.5,0.04,0.007,123418.37532386313,88687.66,254392.33999999997,661.4465418616743
2011-11-01,393300,428608.34391512716,384.6,2011,0.3731,0.4021,0.4621,209400,680550,44205.5,0.04,0.007,123418.37532386313,101541.99280000001,273272.9072,710.5379802392096
2011-12-01,370400,419903.2058873287,386,2011,0.3731,0.4021,0.4621,209400,680550,44205.5,0.04,0.007,123418.37532386313,92702.226399999985,260288.97360000003,674.3237658031089
2012-01-01,364900,404666.6605012485,387.1,2012,0.3734,0.4024,0.46240000000000003,230000,704366.6666666666,46532.083333333336,0.04,0.007,129809.6415074689,87760.24626666665,259989.45373333333,671.6338251959011
2012-02-01,379300,425051.63210266904,391,2012,0.3734,0.4024,0.46240000000000003,230000,704366.6666666666,46532.083333333336,0.04,0.007,129809.6415074689,93323.02386666666,268149.87613333337,685.8053098039217
2012-03-01,380700,427049.5136550692,395.1,2012,0.3734,0.4024,0.46240000000000003,230000,704366.6666666666,46532.083333333336,0.04,0.007,129809.6415074689,93863.84946666667,268943.2505333333,680.6966604235213
2012-04-01,385700,427755.7726627923,398.2,2012,0.3734,0.4024,0.46240000000000003,230000,704366.6666666666,46532.083333333336,0.04,0.007,129809.6415074689,95795.36946666666,271776.7305333333,682.5131354428261
2012-05-01,394400,437024.22489686555,398.1,2012,0.3734,0.4024,0.46240000000000003,230000,704366.6666666666,46532.083333333336,0.04,0.007,129809.6415074689,99156.21426666665,276706.98573333333,695.0690422841832
2012-06-01,365000,408941.85321173357,400.1,2012,0.3734,0.4024,0.46240000000000003,230000,704366.6666666666,46532.083333333336,0.04,0.007,129809.6415074689,87798.87666666665,260046.12333333335,649.9528201283013
2012-07-01,362300,406632.8259807911,397.2,2012,0.3734,0.4024,0.46240000000000003,230000,704366.6666666666,46532.083333333336,0.04,0.007,129809.6415074689,86755.85586666665,258516.04413333334,650.8460325612622
2012-08-01,370850,411307.4161883371,396.6,2012,0.3734,0.4024,0.46240000000000003,230000,704366.6666666666,46532.083333333336,0.04,0.007,129809.6415074689,90058.75506666666,263361.29493333335,664.0476422928224
2012-09-01,384300,425308.6452526325,399.6,2012,0.3734,0.4024,0.46240000000000003,230000,704366.6666666666,46532.083333333336,0.04,0.007,129809.6415074689,95254.54386666665,270983.3561333334,678.1365268601937
2012-10-01,387700,429561.6154782844,400.7,2012,0.3734,0.4024,0.46240000000000003,230000,704366.6666666666,46532.083333333336,0.04,0.007,129809.6415074689,96567.97746666666,272910.1225333333,681.0834103651943
2012-11-01,421000,464442.8664100679,402,2012,0.3734,0.4024,0.46240000000000003,230000,704366.6666666666,46532.083333333336,0.04,0.007,129809.6415074689,109431.90066666665,291781.0993333333,725.8236301824212
2012-12-01,383000,437450.2891114912,402.2,2012,0.3734,0.4024,0.46240000000000003,230000,704366.6666666666,46532.083333333336,0.04,0.007,129809.6415074689,94752.34866666666,270246.65133333334,671.9210624896403
2013-01-01,388950,435453.82085248263,403.3,2013,0.3732,0.4022,0.4622,241475.16666666666,739509,48485,0.04,0.007,135330.1402286531,94690.48256666667,275978.8674333333,684.3016797255971
2013-02-01,407100,453280.8894501827,409.9,2013,0.3732,0.4022,0.4622,241475.16666666666,739509,48485,0.04,0.007,135330.1402286531,101698.41536666665,286267.88463333336,698.3846904936164
2013-03-01,408600,457363.28642759874,410.7,2013,0.3732,0.4022,0.4622,241475.16666666666,739509,48485,0.04,0.007,135330.1402286531,102277.58336666666,287118.2166333333,699.0947568379189
2013-04-01,410900,460379.84499576857,411.5,2013,0.3732,0.4022,0.4622,241475.16666666666,739509,48485,0.04,0.007,135330.1402286531,103165.64096666666,288422.0590333334,700.904153179425
2013-05-01,415300,462997.9794079794,411.5,2013,0.3732,0.4022,0.4622,241475.16666666666,739509,48485,0.04,0.007,135330.1402286531,104864.53376666666,290916.36623333336,706.9656530579183
2013-06-01,391600,436821.3094378959,413.5,2013,0.3732,0.4022,0.4622,241475.16666666666,739509,48485,0.04,0.007,135330.1402286531,95713.67936666665,277481.12063333334,671.054705280129
2013-07-01,384600,431951.3659466328,412.4,2013,0.3732,0.4022,0.4622,241475.16666666666,739509,48485,0.04,0.007,135330.1402286531,93010.89536666666,273512.9046333333,663.2223681700615
2013-08-01,391700,436906.31746161054,413.8,2013,0.3732,0.4022,0.4622,241475.16666666666,739509,48485,0.04,0.007,135330.1402286531,95752.29056666666,277537.80943333334,670.7051943773159
2013-09-01,410000,453987.26632466743,415.2,2013,0.3732,0.4022,0.4622,241475.16666666666,739509,48485,0.04,0.007,135330.1402286531,102818.14016666665,287911.85983333335,693.4293348587026
2013-10-01,409900,454337.3014831343,415.2,2013,0.3732,0.4022,0.4622,241475.16666666666,739509,48485,0.04,0.007,135330.1402286531,102779.52896666666,287855.17103333335,693.2928011400129
2013-11-01,446700,490811.7594560136,416.7,2013,0.3732,0.4022,0.4622,241475.16666666666,739509,48485,0.04,0.007,135330.1402286531,116988.45056666667,308716.6494333333,740.8606897848172
2013-12-01,412900,470637.4954407295,418.9,2013,0.3732,0.4022,0.4622,241475.16666666666,739509,48485,0.04,0.007,135330.1402286531,103937.86496666668,289555.83503333334,691.2290165512852
2014-01-01,421100,471264.7947574406,415.9,2014,0.373,0.3974,0.4623999999999999,290000,784619,50498,0.04,0.007,141024.35210008937,103077.33439999999,298230.9656,717.0737331089205
2014-02-01,423900,476014.2985329086,418.7,2014,0.373,0.3974,0.4623999999999999,290000,784619,50498,0.04,0.007,141024.35210008937,104145.54560000001,299831.1544,716.1002015763077
2014-03-01,424600,478706.29749788897,419.7,2014,0.373,0.3974,0.4623999999999999,290000,784619,50498,0.04,0.007,141024.35210008937,104412.59839999999,300231.2016,715.347156540386
2014-04-01,428600,479499.96946165257,421,2014,0.373,0.3974,0.4623999999999999,290000,784619,50498,0.04,0.007,141024.35210008937,105938.61439999999,302517.1856,718.5681368171022
2014-05-01,447100,494360.9318106587,421.3,2014,0.373,0.3974,0.4623999999999999,290000,784619,50498,0.04,0.007,141024.35210008937,112996.43839999998,313089.8616,743.1518196059815
2014-06-01,411100,461079.4871794872,422.8,2014,0.373,0.3974,0.4623999999999999,290000,784619,50498,0.04,0.007,141024.35210008937,99262.29440000001,292516.0056,691.8543178807946
2014-07-01,405000,458671.51884013024,422.1,2014,0.373,0.3974,0.4623999999999999,290000,784619,50498,0.04,0.007,141024.35210008937,96935.12,289029.88,684.7426676143094
2014-08-01,411000,458242.84517493116,423.1,2014,0.373,0.3974,0.4623999999999999,290000,784619,50498,0.04,0.007,141024.35210008937,99224.144,292458.856,691.2286835263532
2014-09-01,429700,477290.66302352387,422.6,2014,0.373,0.3974,0.4623999999999999,290000,784619,50498,0.04,0.007,141024.35210008937,106358.26879999999,303145.8312,717.3351424514908
2014-10-01,428100,479300.8780613782,423.2,2014,0.373,0.3974,0.4623999999999999,290000,784619,50498,0.04,0.007,141024.35210008937,105747.86239999998,302231.4376,714.1574612476371
2014-11-01,474000,520549.2630317555,421,2014,0.373,0.3974,0.4623999999999999,290000,784619,50498,0.04,0.007,141024.35210008937,123258.89600000001,328463.104,780.1973966745843
2014-12-01,438300,497887.7551020408,422.3,2014,0.373,0.3974,0.4623999999999999,290000,784619,50498,0.04,0.007,141024.35210008937,109639.20319999999,308060.69680000003,729.4830613308076
2015-01-01,432000,486198.91957301524,419.3,2015,0.373,0.3974,0.4624,305080,825418,50902,0.04,0.007,142152.59159964256,106463.77599999998,305232.22400000005,727.9566515621275
2015-02-01,433400,487538.3377789068,422.1,2015,0.373,0.3974,0.4624,305080,825418,50902,0.04,0.007,142152.59159964256,106997.8816,306032.31840000005,725.0232608386639
2015-03-01,435350,497304.8278539995,426.4,2015,0.373,0.3974,0.4624,305080,825418,50902,0.04,0.007,142152.59159964256,107741.8144,307146.73559999996,720.3253649155722
2015-04-01,440100,491879.6488125316,427,2015,0.373,0.3974,0.4624,305080,825418,50902,0.04,0.007,142152.59159964256,109553.9584,309861.3416,725.6705892271663
2015-05-01,465000,516780.45743122254,428.2,2015,0.373,0.3974,0.4624,305080,825418,50902,0.04,0.007,142152.59159964256,119053.408,324091.592,756.8696683792621
2015-06-01,457900,509975.30571546825,429.3,2015,0.373,0.3974,0.4624,305080,825418,50902,0.04,0.007,142152.59159964256,116344.72959999999,320033.97040000005,745.4786172839507
2015-07-01,441800,494886.19768817,430,2015,0.373,0.3974,0.4624,305080,825418,50902,0.04,0.007,142152.59159964256,110202.5152,310832.8848,722.8671739534884
2015-08-01,445650,497802.06855791964,432.3,2015,0.373,0.3974,0.4624,305080,825418,50902,0.04,0.007,142152.59159964256,111671.30559999999,313033.14440000005,724.1109053897757
2015-09-01,463400,517921.0751425696,430.6,2015,0.373,0.3974,0.4624,305080,825418,50902,0.04,0.007,142152.59159964256,118443.00159999999,323177.19840000005,750.5276321411984
2015-10-01,462600,516546.48102555395,430.9,2015,0.373,0.3974,0.4624,305080,825418,50902,0.04,0.007,142152.59159964256,118137.7984,322720.0016,748.9440742631701
2015-11-01,513400,561961.9175062972,429.4,2015,0.373,0.3974,0.4624,305080,825418,50902,0.04,0.007,142152.59159964256,137518.20159999997,351751.99840000004,819.1709324639032
2015-12-01,474900,540475.2081894625,430.8,2015,0.373,0.3974,0.4624,305080,825418,50902,0.04,0.007,142152.59159964256,122830.29759999999,329749.4024,765.4350102135562
2016-01-01,478400,535100.4652164549,428.3,2016,0.3713,0.3835,0.4625,336035,836990,51920,0.04,0.007,145659.39491875394,120108.117,335807.08300000004,784.0464230679431
2016-02-01,506300,563132.5389808712,431.2,2016,0.3713,0.3835,0.4625,336035,836990,51920,0.04,0.007,145659.39491875394,130379.78100000002,352124.119,816.6143761595548
2016-03-01,501400,571972.8420616849,432.8,2016,0.3713,0.3835,0.4625,336035,836990,51920,0.04,0.007,145659.39491875394,128575.79700000002,349258.403,806.9741289279112
2016-04-01,500000,560424.5424088903,433.7,2016,0.3713,0.3835,0.4625,336035,836990,51920,0.04,0.007,145659.39491875394,128060.37300000002,348439.627,803.4116370763201
2016-05-01,519700,571158.9902191982,435.5,2016,0.3713,0.3835,0.4625,336035,836990,51920,0.04,0.007,145659.39491875394,135313.125,359960.975,826.5464408725602
2016-06-01,478300,537725.6297046902,436.3,2016,0.3713,0.3835,0.4625,336035,836990,51920,0.04,0.007,145659.39491875394,120071.301,335748.59900000005,769.5360967224387
2016-07-01,471900,531375.5023267559,434.9,2016,0.3713,0.3835,0.4625,336035,836990,51920,0.04,0.007,145659.39491875394,117715.07699999999,332005.623,763.4068130604737
2016-08-01,480000,536275.8672644421,436.4,2016,0.3713,0.3835,0.4625,336035,836990,51920,0.04,0.007,145659.39491875394,120697.17300000001,336742.827,771.6380087076077
2016-09-01,500000,554745.7199734572,438.5,2016,0.3713,0.3835,0.4625,336035,836990,51920,0.04,0.007,145659.39491875394,128060.37300000002,348439.627,794.617165336374
2016-10-01,500000,552086.0134629768,438.5,2016,0.3713,0.3835,0.4625,336035,836990,51920,0.04,0.007,145659.39491875394,128060.37300000002,348439.627,794.617165336374
2016-11-01,551700,603411.1530367897,438.4,2016,0.3713,0.3835,0.4625,336035,836990,51920,0.04,0.007,145659.39491875394,147094.245,378675.855,863.7679174270073
2016-12-01,502900,574712.9926085504,439,2016,0.3713,0.3835,0.4625,336035,836990,51920,0.04,0.007,145659.39491875394,129128.03700000001,350135.663,797.57554214123
2017-01-01,500000,559214.3863724351,436.5,2017,0.3694,0.4624,0.4624,834707,0,52907,0.04,0.007,149191.8200685797,124405,352095,806.6323024054983
2017-02-01,500000,560984.8840340013,439.6,2017,0.3694,0.4624,0.4624,834707,0,52907,0.04,0.007,149191.8200685797,124405,352095,800.9440400363967
2017-03-01,501100,571545.163026761,439.9,2017,0.3694,0.4624,0.4624,834707,0,52907,0.04,0.007,149191.8200685797,124795.0864,352753.21359999996,801.8940977494884
2017-04-01,510400,571200.3861003862,442.1,2017,0.3694,0.4624,0.4624,834707,0,52907,0.04,0.007,149191.8200685797,128093.0896,358318.1104,810.4910888939154
2017-05-01,551000,611180.2469135802,443,2017,0.3694,0.4624,0.4624,834707,0,52907,0.04,0.007,149191.8200685797,142490.824,382612.176,863.6843702031603
2017-06-01,510600,571433.0793351091,443,2017,0.3694,0.4624,0.4624,834707,0,52907,0.04,0.007,149191.8200685797,128164.01440000001,358437.7856,809.1146401805869
2017-07-01,501600,564699.5280937023,442.9,2017,0.3694,0.4624,0.4624,834707,0,52907,0.04,0.007,149191.8200685797,124972.3984,353052.4016,797.1379580040641
2017-08-01,512800,571854.870671673,444,2017,0.3694,0.4624,0.4624,834707,0,52907,0.04,0.007,149191.8200685797,128944.18720000001,359754.2128,810.257236036036
2017-09-01,532350,592610.0621026172,444.6,2017,0.3694,0.4624,0.4624,834707,0,52907,0.04,0.007,149191.8200685797,135877.0864,371452.46359999996,835.4756266306791
2017-10-01,534300,597765.8092294105,446.7,2017,0.3694,0.4624,0.4624,834707,0,52907,0.04,0.007,149191.8200685797,136568.6032,372619.2968,834.1600555182449
2017-11-01,586000,638017.1417645832,446,2017,0.3694,0.4624,0.4624,834707,0,52907,0.04,0.007,149191.8200685797,154902.664,403555.336,904.8325919282512
2017-12-01,541400,609198.248180391,447.2,2017,0.3694,0.4624,0.4624,834707,0,52907,0.04,0.007,149191.8200685797,139086.4336,376867.7664,842.7275635062613
2018-01-01,534600,596308.1484751499,446.8,2018,0.3694,0.4624,0.4624,893713,0,53895,0.04,0.007,151977.8695181375,135686.9904,373786.8096,836.5864136078782
2018-02-01,533300,596103.5098726703,449.5,2018,0.3694,0.4624,0.4624,893713,0,53895,0.04,0.007,151977.8695181375,135225.9792,373008.9208,829.8307470522803
2018-03-01,530400,594185.8277336592,452,2018,0.3694,0.4624,0.4624,893713,0,53895,0.04,0.007,151977.8695181375,134197.56960000002,371273.63039999997,821.4018371681415
2018-04-01,543400,606098.1355079752,452.2,2018,0.3694,0.4624,0.4624,893713,0,53895,0.04,0.007,151977.8695181375,138807.6816,379052.5184,838.2408633348076
2018-05-01,576300,632188.1085886215,451.8,2018,0.3694,0.4624,0.4624,893713,0,53895,0.04,0.007,151977.8695181375,150474.8112,398739.0888,882.5566374501992
2018-06-01,535600,593384.7670488436,454.6,2018,0.3694,0.4624,0.4624,893713,0,53895,0.04,0.007,151977.8695181375,136041.6144,374385.1856,823.5485824901012
2018-07-01,528400,588437.5636686274,454.8,2018,0.3694,0.4624,0.4624,893713,0,53895,0.04,0.007,151977.8695181375,133488.3216,370076.8784,813.71345294635
2018-08-01,536100,594819.1316328931,455.7,2018,0.3694,0.4624,0.4624,893713,0,53895,0.04,0.007,151977.8695181375,136218.9264,374684.3736,822.2171902567478
2018-09-01,550000,611394.7396218443,455.7,2018,0.3694,0.4624,0.4624,893713,0,53895,0.04,0.007,151977.8695181375,141148.2,383001.8,840.4691683124863
2018-10-01,550100,612083.6214285714,456.8,2018,0.3694,0.4624,0.4624,893713,0,53895,0.04,0.007,151977.8695181375,141183.6624,383061.63759999996,838.5762644483361
2018-11-01,604400,658674.6980656014,459.4,2018,0.3694,0.4624,0.4624,893713,0,53895,0.04,0.007,151977.8695181375,160439.7456,415553.4544,904.5569316499782
2018-12-01,560300,629404.1366158114,460.5,2018,0.3694,0.4624,0.4624,893713,0,53895,0.04,0.007,151977.8695181375,144800.8272,389165.0728,845.0924490770901
2019-01-01,550000,612188.2470048704,460.5,2019,0.3694,0.4624,0.4624,927087,0,56447,0.04,0.007,159174.223966793,138596.2,385553.8,837.2503800217155
2019-02-01,550000,606990.1892232834,462,2019,0.3694,0.4624,0.4624,927087,0,56447,0.04,0.007,159174.223966793,138596.2,385553.8,834.5320346320347
2019-03-01,550000,627421.4089138282,462.9,2019,0.3694,0.4624,0.4624,927087,0,56447,0.04,0.007,159174.223966793,138596.2,385553.8,832.9094836897818
2019-04-01,613000,667110.0427854328,467,2019,0.3694,0.4624,0.4624,927087,0,56447,0.04,0.007,159174.223966793,160937.51200000002,423251.488,906.3201027837259
2019-05-01,567400,629854.657791432,468,2019,0.3694,0.4624,0.4624,927087,0,56447,0.04,0.007,159174.223966793,144766.6576,395965.5424,846.0802188034188
2019-06-01,560000,634655.1090481338,470.1,2019,0.3694,0.4624,0.4624,927087,0,56447,0.04,0.007,159174.223966793,142142.44,391537.56,832.8814294830887
2019-07-01,538000,599209.8989172038,0,2019,0.3694,0.4624,0.4624,927087,0,56447,0.04,0.007,159174.223966793,134340.712,378373.288,Inf
